id_municipio,nome,sigla_uf,rede_nome,alunos,taxa_real,risco,ganho_pp,ganho_acumulado,particao
3550308,São Paulo,SP,Municipal,41751,48.25845085565472,87.30299843327478,0.2710269214102995,0.2710269214102995,treino
2927408,Salvador,BA,Municipal,12112,36.748678996036986,95.54211003445971,0.13294872939351024,0.4039756508038097,treino
1302603,Manaus,AM,Municipal,18666,50.139509313748974,95.34574418468075,0.11397619553004054,0.5179518463338503,validacao
3303500,Nova Iguaçu,RJ,Municipal,6380,33.42198319845462,93.12521934995883,0.09780665873442113,0.6157585050682715,validacao
3518800,Guarulhos,SP,Municipal,9951,44.1965249945271,89.30023590293679,0.08927674692002706,0.7050352519882985,treino
4314902,Porto Alegre,RS,Estadual,4904,31.514768763794272,96.89220150039853,0.08821547808255101,0.7932507300708496,treino
4314902,Porto Alegre,RS,Municipal,2485,20.459645575669636,93.4194904886247,0.06968275787054931,0.8629334879413989,treino
3301702,Duque de Caxias,RJ,Municipal,6581,45.37760984353049,95.860856804742,0.05685431827438235,0.9197878062157813,treino
2704302,Maceió,AL,Municipal,5283,40.94275499998269,96.65265263426004,0.051942395241154994,0.9717302014569362,treino
2408102,Natal,RN,Municipal,2780,33.36366237902013,98.22004843874228,0.05143946892123216,1.0231696703781683,treino
3301009,Campos dos Goytacazes,RJ,Municipal,3890,38.33030745340957,95.46853369980089,0.04827412254947186,1.0714437929276401,teste
3300456,Belford Roxo,RJ,Municipal,3174,38.900381536290055,93.58662843057229,0.045145472952942335,1.1165892658805825,treino
2910800,Feira de Santana,BA,Municipal,3528,33.19160997732426,98.55938032634364,0.04467543998015814,1.1612647058607406,treino
5103403,Cuiabá,MT,Municipal,5832,46.56623460426608,74.68775476936325,0.043890637062214716,1.2051553429229553,treino
3304904,São Gonçalo,RJ,Municipal,4415,43.72031238131577,92.15890433528924,0.04342683124282892,1.2485821741657843,treino
5002704,Campo Grande,MS,Municipal,9928,51.761991449430425,88.12027208580413,0.042877620398625395,1.2914597945644097,treino
3534401,Osasco,SP,Municipal,6664,49.145762112860574,92.28126815193073,0.03975312897566058,1.3312129235400703,treino
3305109,São João de Meriti,RJ,Municipal,2543,35.9710316379831,93.62864866352348,0.036250661373389954,1.3674635849134602,teste
2918407,Juazeiro,BA,Municipal,2494,29.310344827586206,99.65948838953094,0.03617125544800495,1.4036348403614651,teste
1501402,Belém,PA,Municipal,4086,46.07899753826791,94.27775768481429,0.035403235120958616,1.4390380754824237,treino
1502400,Castanhal,PA,Municipal,1890,32.97861049881623,97.14859924633265,0.031269479630936604,1.4703075551133602,treino
1600303,Macapá,AP,Estadual,2298,37.64908527188004,93.23164881578164,0.029092401089185482,1.4993999562025457,treino
2905701,Camaçari,BA,Municipal,2552,36.559561128526646,98.20093238452489,0.02824114106468327,1.527641097267229,validacao
4305108,Caxias do Sul,RS,Municipal,2893,43.22549897337881,94.71437758702345,0.02767817856746629,1.5553192758346952,teste
3530607,Mogi das Cruzes,SP,Municipal,4279,47.87921348713597,82.28187701108686,0.027174507614411356,1.5824937834491066,treino
4313409,Novo Hamburgo,RS,Municipal,1962,36.03296599123173,96.73644639217589,0.026558533615805537,1.6090523170649123,treino
2804805,Nossa Senhora do Socorro,SE,Municipal,1626,29.799232407513866,97.16711426831004,0.026066782102031675,1.635119099166944,treino
4323002,Viamão,RS,Municipal,2091,38.95236079774391,94.4396106878963,0.024924164259335562,1.6600432634262796,teste
1600303,Macapá,AP,Municipal,4238,49.14027658221551,92.08152949275241,0.023586963580339623,1.6836302270066192,treino
4309209,Gravataí,RS,Municipal,2021,41.03854731923976,96.16467750700359,0.023395862392206132,1.7070260893988254,treino
4304606,Canoas,RS,Municipal,2035,41.665498329205015,94.81252830927205,0.023279586224062492,1.7303056756228878,validacao
2933307,Vitória da Conquista,BA,Municipal,2826,42.745930644019815,96.37139622324845,0.022984331213217815,1.7532900068361057,treino
3302502,Magé,RJ,Municipal,2969,46.65853728516914,91.0762592025313,0.021881076297938267,1.775171083134044,teste
2913606,Ilhéus,BA,Municipal,1355,26.346863468634687,99.51073894450353,0.021555840998967388,1.7967269241330113,validacao
3552205,Sorocaba,SP,Municipal,5364,52.439809036702435,78.37984510078869,0.021539755599866112,1.8182666797328775,teste
3515004,Embu das Artes,SP,Municipal,1945,40.504860279135166,91.47134223391974,0.021508775410701644,1.8397754551435792,treino
4318705,São Leopoldo,RS,Municipal,1444,37.37501217842268,96.84737483439898,0.021501152653395413,1.8612766077969747,treino
2403251,Parnamirim,RN,Municipal,1330,35.27283427238745,93.65816366899804,0.021428198103916076,1.8827048059008908,teste
3548708,São Bernardo do Campo,SP,Municipal,6727,54.197569174633045,55.18845504006905,0.021359354561173896,1.9040641604620647,treino
4300604,Alvorada,RS,Municipal,1424,37.030162803943206,93.73143684093787,0.020951606807588504,1.9250157672696533,treino
2700300,Arapiraca,AL,Municipal,2473,43.75574855626423,95.97002469260799,0.020305866308467733,1.945321633578121,treino
1506807,Santarém,PA,Municipal,4040,51.28575288220754,96.21527229025789,0.020256704321572835,1.9655783378996938,treino
1505536,Parauapebas,PA,Municipal,2854,49.482635585157,94.2316592226443,0.019102972197567483,1.9846813100972613,treino
3551009,São Vicente,SP,Municipal,2988,47.92703820332532,90.74857696414466,0.01907930991227123,2.0037606200095324,validacao
3541000,Praia Grande,SP,Municipal,3853,51.26317973444223,74.00442058409588,0.018995866267068923,2.0227564862766014,teste
2919207,Lauro de Freitas,BA,Municipal,1280,28.75,97.02901028868779,0.01890429878940333,2.041660785066005,treino
3543402,Ribeirão Preto,SP,Municipal,2324,45.0109934442032,89.70530878391585,0.018770533165603343,2.060431318231608,treino
2903201,Barreiras,BA,Municipal,1654,36.094316807738814,98.44955621451872,0.018668469179204464,2.0790997874108124,treino
3509502,Campinas,SP,Municipal,1836,41.49329008514664,87.11628344575023,0.0184490370568818,2.0975488244676943,treino
2504009,Campina Grande,PB,Municipal,2582,47.91593222125943,77.90832913662805,0.017245660400858762,2.114794484868553,treino
3302858,Mesquita,RJ,Municipal,1227,35.08963857398773,96.15978121005773,0.017204156949736964,2.13199864181829,treino
2207702,Parnaíba,PI,Municipal,1474,38.44727238031629,91.04098779043618,0.01705640168624048,2.1490550435045304,teste
4314407,Pelotas,RS,Municipal,1230,39.54827656029087,98.65504163190161,0.016946791307316075,2.1660018348118464,treino
1500107,Abaetetuba,PA,Municipal,1270,35.85168533275899,99.00311206456391,0.016940485790744184,2.1829423206025904,validacao
3518701,Guarujá,SP,Municipal,1868,44.12588058496192,90.61612531791687,0.016752734057797578,2.199695054660388,validacao
1504208,Marabá,PA,Municipal,2997,50.669429012549315,97.60961499059964,0.016582555328746144,2.216277609989134,treino
3304144,Queimados,RJ,Municipal,1260,37.63136362474111,94.88454394355,0.01651668471440248,2.2327942947035364,treino
3513009,Cotia,SP,Municipal,2899,49.504827866478436,86.089807432497,0.016510665345073373,2.24930496004861,validacao
3552502,Suzano,SP,Municipal,2298,46.765424221761684,92.34738545593082,0.016427950750772663,2.2657329107993824,validacao
2800308,Aracaju,SE,Municipal,2520,47.173589550456526,96.69411850205822,0.016422177918320197,2.2821550887177025,treino
2931350,Teixeira de Freitas,BA,Municipal,1367,35.040234089246525,94.5107557634838,0.01611232085297778,2.29826740957068,teste
1501303,Barcarena,PA,Municipal,1438,39.50080215349673,98.86221184237507,0.01609642487521112,2.314363834445891,treino
1501709,Bragança,PA,Municipal,1230,37.008615863566234,99.13964545412868,0.01589736505544199,2.3302611995013334,treino
5003207,Corumbá,MS,Municipal,1250,38.29660238751148,89.72875233359694,0.015616026114795702,2.345877225616129,validacao
3302007,Itaguaí,RJ,Municipal,1455,41.61633004940078,92.50297799277078,0.015284113718115881,2.3611613393342448,treino
2919553,Luís Eduardo Magalhães,BA,Municipal,1313,35.71972581873572,96.93115014925593,0.01505284186835698,2.376214181202602,treino
2925303,Porto Seguro,BA,Municipal,2200,45.5,98.86224680537819,0.015020269503619017,2.391234450706221,treino
4205407,Florianópolis,SC,Estadual,1188,46.066912188845016,83.4307343869048,0.014781135244479479,2.4060155859507004,treino
3302270,Japeri,RJ,Municipal,1085,36.87916975537435,91.37926997001716,0.014723988998164106,2.4207395749488647,teste
3552809,Taboão da Serra,SP,Municipal,2415,49.01274697350965,92.65513501145428,0.014432715061784191,2.435172290010649,validacao
4314100,Passo Fundo,RS,Municipal,1170,38.621519998344176,97.11013854362963,0.01426758820270824,2.449439878213357,treino
4218004,Tijucas,SC,Municipal,59,15.275716744821036,92.21029865199833,0.01425759825108469,2.463697476464442,treino
2707701,Rio Largo,AL,Municipal,1249,38.813248603331715,97.95981296875283,0.013797593489167653,2.47749506995361,treino
4316907,Santa Maria,RS,Municipal,1117,39.817797586618994,95.92976536138092,0.013661099994330262,2.49115616994794,treino
3513801,Diadema,SP,Municipal,2120,48.01558113400203,91.4347688374167,0.013568348391134383,2.5047245183390743,treino
1500602,Altamira,PA,Municipal,1559,45.34756009936154,95.35162915928566,0.01344359446892227,2.5181681128079965,treino
3301900,Itaboraí,RJ,Municipal,2438,50.466363901057896,84.45847788893514,0.013364530861548051,2.5315326436695447,treino
1502103,Cametá,PA,Municipal,1141,39.09267478528015,99.55771553447957,0.013358458272791671,2.544891101942336,teste
2914802,Itabuna,BA,Municipal,931,29.752953813104188,97.70399401450376,0.013307209663229944,2.558198311605566,treino
2101400,Balsas,MA,Municipal,1244,39.53981758929157,77.52441086738426,0.013240707514827608,2.571439019120394,treino
2704302,Maceió,AL,Estadual,1177,38.957198326460585,96.04369288878783,0.013195509684287501,2.5846345288046813,treino
2800308,Aracaju,SE,Estadual,1144,38.07198649762531,93.85867321614863,0.013183327999175234,2.5978178568038564,treino
2924009,Paulo Afonso,BA,Municipal,944,30.508474576271187,99.63555948465952,0.01315487340718472,2.6109727302110413,treino
1507300,São Félix do Xingu,PA,Municipal,704,30.947334617854846,96.89242979244308,0.012823924905956302,2.6237966551169976,treino
3555406,Ubatuba,SP,Municipal,972,36.637127985773034,90.17753227213501,0.012705985691112516,2.6365026408081103,treino
1302504,Manacapuru,AM,Municipal,1030,37.2937572264092,97.73441357678841,0.012699861178028831,2.649202501986139,teste
1507953,Tailândia,PA,Municipal,1000,37.89396268200373,99.58725295991118,0.012626122938933174,2.6618286249250724,validacao
1505304,Oriximiná,PA,Municipal,734,30.61226776629838,96.87443900224686,0.01239217655191828,2.6742208014769906,validacao
1500800,Ananindeua,PA,Municipal,3028,52.73615733487712,86.28599997769501,0.012379456261182408,2.686600257738173,treino
2507507,João Pessoa,PB,Municipal,4971,55.51800836237637,79.14203992481463,0.01235777169533588,2.6989580294335087,teste
3303302,Niterói,RJ,Municipal,2361,51.2010092457979,84.45738269480091,0.012227173107100068,2.7111852025406087,validacao
4309308,Guaíba,RS,Municipal,738,31.543628562138135,97.63800561945924,0.012140343069255728,2.7233255456098644,treino
4211900,Palhoça,SC,Municipal,1030,46.531127957730305,85.55308813761555,0.012140278856698019,2.7354658244665626,treino
4315602,Rio Grande,RS,Municipal,1178,43.24827575985698,97.56032500248318,0.012014600711506241,2.7474804251780687,treino
2513703,Santa Rita,PB,Municipal,786,35.78832931213702,93.41409268519246,0.011987644376236194,2.759468069554305,treino
2607901,Jaboatão dos Guararapes,PE,Municipal,4684,54.977571526765175,67.27764289248013,0.011748061121035434,2.7712161306753402,treino
1502806,Curralinho,PA,Municipal,510,24.028088744148178,97.23385039698678,0.011698276134325902,2.7829144068096663,treino
3516408,Franco da Rocha,SP,Municipal,1658,46.57340534015928,79.04052279333035,0.011638616719132919,2.7945530235287994,teste
1301852,Iranduba,AM,Municipal,761,34.36677980483666,97.88107688652056,0.011413470394102258,2.805966493922902,treino
5003702,Dourados,MS,Municipal,3069,53.45101901659217,90.13986432618007,0.011300110978819434,2.817266604901721,treino
1304062,Tabatinga,AM,Municipal,927,37.754197321260136,98.21245701598636,0.011131963613323262,2.8283985685150443,treino
2412005,São Gonçalo do Amarante,RN,Municipal,652,32.47917474416364,95.4196902338948,0.011065447241180859,2.839464015756225,treino
1504703,Moju,PA,Municipal,769,34.288317362048716,99.53608994831609,0.011062513357731098,2.850526529113956,validacao
2900702,Alagoinhas,BA,Municipal,988,36.63967611336032,99.68518023223606,0.010895953835750297,2.8614224829497066,validacao
3516309,Francisco Morato,SP,Municipal,2079,50.48714374122746,83.19637588152375,0.01076889890390015,2.872191381853607,validacao
1200401,Rio Branco,AC,Estadual,3090,54.064208978677385,75.198503408064,0.010670437859469117,2.882861819713076,treino
2111300,São Luís,MA,Municipal,6198,56.69050065691362,86.23128315767542,0.010632472326624986,2.8934942920397013,teste
4303103,Cachoeirinha,RS,Municipal,898,40.822712261286114,98.78265890104626,0.010588130345612458,2.9040824223853137,treino
1506500,Santa Isabel do Pará,PA,Municipal,766,34.181273062730625,99.50914621342403,0.010574535240362249,2.914656957625676,treino
1500404,Alenquer,PA,Municipal,725,34.7476444127426,98.11504477924395,0.010365635437219444,2.9250225930628955,treino
1702109,Araguaína,TO,Municipal,1972,50.516931839286826,94.77027311804697,0.01006047884384227,2.9350830719067376,treino
1508100,Tucuruí,PA,Municipal,1132,44.78996023641651,98.37601541586208,0.009927142185644854,2.9450102140923824,treino
2407104,Macaíba,RN,Municipal,512,30.1175864732641,99.53723425471728,0.00987113051966161,2.954881344612044,validacao
4314100,Passo Fundo,RS,Estadual,630,32.784373932492045,94.4873617558072,0.00975662170377243,2.9646379663158164,treino
1504422,Marituba,PA,Municipal,1472,48.977008621102286,89.10550195424435,0.009737654468811599,2.974375620784628,treino
2930709,Simões Filho,BA,Municipal,1151,42.137271937445696,99.04908078156406,0.00969343143859029,2.984069052223218,validacao
1304203,Tefé,AM,Municipal,790,36.776287419713576,98.30421613406128,0.009661275355311428,2.9937303275785294,treino
2408102,Natal,RN,Estadual,937,45.10879037880548,89.35097050933874,0.009656451610932329,3.0033867791894617,treino
4314407,Pelotas,RS,Estadual,733,39.179223390848826,97.54025355901652,0.009568801313823483,3.0129555805032853,treino
3524402,Jacareí,SP,Municipal,2047,51.4757561564108,87.34357797125666,0.009522034123655687,3.0224776146269408,teste
5200258,Águas Lindas de Goiás,GO,Municipal,2979,53.89956960116775,58.04102925077397,0.009472182584327192,3.031949797211268,treino
3552403,Sumaré,SP,Municipal,1870,50.61139595883867,80.2996942487319,0.009459698128298341,3.0414094953395665,validacao
1302603,Manaus,AM,Estadual,4459,56.522262232577845,65.17829312322861,0.009450667755112042,3.0508601630946783,validacao
1600501,Oiapoque,AP,Municipal,384,21.03506168983289,91.88372087175584,0.009438957349920455,3.060299120444599,validacao
2702405,Delmiro Gouveia,AL,Municipal,560,28.14232161737849,97.5557051158052,0.009398942176133638,3.0696980626207324,validacao
2602902,Cabo de Santo Agostinho,PE,Municipal,1976,50.72040498442367,84.81583341664621,0.009388373937268872,3.079086436558001,treino
4100400,Almirante Tamandaré,PR,Municipal,1101,45.11862098891973,80.66680725688241,0.009367252157404079,3.088453688715405,treino
2803500,Lagarto,SE,Municipal,621,31.275154034158266,98.52688541562495,0.009273438057462724,3.0977271267728677,teste
4208203,Itajaí,SC,Municipal,2111,54.23782342885289,54.54103816040284,0.009265282639036847,3.1069924094119044,treino
2930501,Serrinha,BA,Municipal,487,19.917864476386036,99.52691928282343,0.009231823661168464,3.1162242330730727,treino
2211001,Teresina,PI,Municipal,6764,57.27034980521256,77.2397487637774,0.009210652098213451,3.1254348851712863,treino
2918001,Jequié,BA,Municipal,927,39.48220064724919,99.94549390264805,0.008973899841409352,3.134408785012696,treino
2402600,Ceará-Mirim,RN,Municipal,512,32.385850403566536,99.21956373061047,0.008953921176120731,3.1433627061888165,validacao
1303908,São Paulo de Olivença,AM,Municipal,637,32.067012741859365,96.45313472907974,0.008948151078902957,3.1523108572677194,treino
5007901,Sidrolândia,MS,Municipal,726,39.840603215862345,93.27792971610646,0.008854514775712356,3.1611653720434316,treino
4300604,Alvorada,RS,Estadual,546,34.4367292100949,94.51993660269615,0.00882825569081146,3.169993627734243,treino
2408003,Mossoró,RN,Municipal,1028,45.40903205555773,97.4038987729001,0.008755454012187443,3.1787490817464303,treino
4205407,Florianópolis,SC,Municipal,1673,52.78973452151051,81.31358031773992,0.008693325189728957,3.1874424069361593,treino
3522109,Itanhaém,SP,Municipal,1291,48.04860139926906,71.30407568376162,0.008670179359591865,3.1961125862957513,validacao
1505809,Portel,PA,Municipal,766,40.72985035442373,95.48250939191398,0.0086550391486088,3.2047676254443602,treino
1301100,Careiro,AM,Municipal,91,17.294711162691552,97.93816588859482,0.008528734233372498,3.2132963596777326,treino
1301902,Itacoatiara,AM,Municipal,897,42.667000298343716,99.22737844218574,0.008489815235819653,3.2217861749135523,teste
3548500,Santos,SP,Municipal,2224,52.79281436116342,53.79528988866813,0.008467661680548758,3.230253836594101,treino
1300607,Benjamin Constant,AM,Municipal,664,34.35111200853838,96.91209228717722,0.008398675673134294,3.2386525122672354,treino
2917508,Jacobina,BA,Municipal,558,28.49462365591398,99.91318726904103,0.008308655518791678,3.246961167786027,treino
2930105,Senhor do Bonfim,BA,Municipal,487,24.024640657084188,99.83993714213922,0.008283574323818777,3.255244742109846,validacao
2903904,Bom Jesus da Lapa,BA,Municipal,683,34.55344070278184,99.65755167897314,0.008207904026698274,3.2634526461365443,treino
2403608,Extremoz,RN,Municipal,516,34.5552224629723,96.94597935635005,0.008097014800939266,3.2715496609374837,treino
2910727,Eunápolis,BA,Municipal,787,38.37357052096569,98.92100369944221,0.00803228824942111,3.279581949186905,treino
1504901,Muaná,PA,Municipal,592,33.64245394206315,96.15043602601634,0.00802783906353027,3.2876097882504354,validacao
2907202,Casa Nova,BA,Municipal,430,20.930232558139537,99.39297262372331,0.00794490707298434,3.29555469532342,treino
1508308,Viseu,PA,Municipal,682,38.2000546384108,98.57090732338078,0.007908651233695444,3.3034633465571153,treino
3550704,São Sebastião,SP,Municipal,985,44.3832373866303,90.53714716580782,0.007908645869823504,3.3113719924269387,teste
2609907,Ouricuri,PE,Municipal,510,30.79033836689038,84.3417961772194,0.007896728420652277,3.319268720847591,validacao
3531100,Mongaguá,SP,Municipal,748,41.445497027960926,82.38000187665735,0.007846762464240653,3.3271154833118315,treino
4304630,Capão da Canoa,RS,Municipal,489,34.392581871589286,96.00923066356276,0.007812527735983009,3.3349280110478143,treino
1303536,Presidente Figueiredo,AM,Municipal,450,33.695202317659415,97.08993257237562,0.007805219514850021,3.3427332305626645,teste
3538709,Piracicaba,SP,Municipal,3066,55.11281084448638,75.27201107686447,0.007769266854864974,3.3505024974175295,treino
3510609,Carapicuíba,SP,Municipal,873,44.80025541325845,91.56296727858293,0.007688939354979669,3.358191436772509,validacao
2802106,Estância,SE,Municipal,479,29.782899824584568,98.4230862966524,0.00757043534954558,3.3657618721220546,treino
2801207,Canindé de São Francisco,SE,Municipal,460,26.650111642077587,98.95418537180693,0.007554550276646299,3.373316422398701,teste
3522505,Itapevi,SP,Municipal,3253,55.458308511831966,82.95037266709002,0.007513906503120435,3.3808303289018213,treino
3513504,Cubatão,SP,Municipal,934,45.426863186409555,88.8507504027933,0.007472795532911441,3.388303124434733,teste
2105302,Imperatriz,MA,Municipal,2612,54.728489134585054,76.23726325529249,0.0073848781262156405,3.3956880025609486,treino
4323002,Viamão,RS,Estadual,334,24.185410507245223,95.23878148946997,0.00736592805444455,3.403053930615393,teste
2910057,Dias d'Ávila,BA,Municipal,555,32.252252252252255,98.5587488418069,0.007275205978481125,3.4103291365938744,treino
3554102,Taubaté,SP,Municipal,2159,53.87958798502677,83.29224926257221,0.0072645138284427825,3.417593650422317,treino
2412203,São José de Mipibu,RN,Municipal,494,34.76590084246137,99.51189457117444,0.0072564339604742805,3.424850084382791,validacao
2930204,Sento Sé,BA,Municipal,429,24.242424242424242,99.15671180006557,0.007252732469185937,3.432102816851977,treino
1504505,Melgaço,PA,Municipal,354,28.635383509600576,96.88703173288181,0.007218218563929751,3.4393210354159067,treino
1500305,Afuá,PA,Municipal,615,38.164347913121816,96.11145117545757,0.0072072937833141445,3.446528329199221,validacao
2408003,Mossoró,RN,Estadual,593,40.97008771272209,92.55890546522319,0.0071831622600526035,3.4537114914592735,treino
4319901,Sapiranga,RS,Municipal,668,41.09163836843076,93.81057208811725,0.007169676612631548,3.460881168071905,validacao
1503101,Gurupá,PA,Municipal,473,38.23106147824085,96.61807426108146,0.007139043063133732,3.4680202111350384,treino
4211900,Palhoça,SC,Estadual,766,48.54683513638325,88.76736012044539,0.007110214860904299,3.4751304259959426,treino
2104800,Grajaú,MA,Municipal,987,45.80985583718082,75.1083451176431,0.007089998659156666,3.4822204246550994,validacao
4321600,Tramandaí,RS,Municipal,488,36.6655824945598,95.81622700588443,0.0070832947723703495,3.4893037194274696,treino
2902708,Barra,BA,Municipal,474,28.481012658227847,99.31474321603905,0.0070609490407069625,3.4963646684681766,treino
2916401,Itapetinga,BA,Municipal,537,32.21601489757914,99.39090712263419,0.007048479561920815,3.5034131480300976,treino
4119509,Piraquara,PR,Municipal,1321,50.53529133112269,58.77307335706996,0.007029692371924569,3.510442840402022,treino
4314050,Parobé,RS,Municipal,614,37.87937966735388,93.65283288850563,0.0070256663690696,3.517468506771092,teste
2924405,Pilão Arcado,BA,Municipal,391,22.506393861892583,99.12958442630644,0.006932129368228008,3.52440063613932,validacao
2930154,Serra do Ramalho,BA,Municipal,439,26.65148063781321,99.79246594287616,0.006920371076444874,3.5313210072157646,treino
4320008,Sapucaia do Sul,RS,Municipal,1124,48.03523439167248,97.26272731804693,0.006901473455393248,3.5382224806711577,treino
4306767,Eldorado do Sul,RS,Municipal,311,28.089371558257035,95.86055168809821,0.006892671821714189,3.545115152492872,treino
2933604,Xique-Xique,BA,Municipal,524,32.25190839694657,99.9900287172308,0.006868928549893651,3.551984081042766,treino
2909901,Curaçá,BA,Municipal,388,22.938144329896907,99.9433688583131,0.0067995166983996535,3.5587835977411655,treino
2902906,Barra do Choça,BA,Municipal,487,30.595482546201232,99.90552209773982,0.006766375384059282,3.5655499731252247,treino
3547809,Santo André,SP,Municipal,3608,56.497636531257456,81.06085184632869,0.0067574621022562995,3.572307435227481,validacao
1718204,Porto Nacional,TO,Municipal,713,44.10786103984854,77.12647453538763,0.006683515934587659,3.578990951162069,treino
2707107,Piranhas,AL,Municipal,375,25.071696993670884,98.87107810327042,0.006679161099505884,3.5856701122615746,treino
1503309,Igarapé-Miri,PA,Municipal,630,41.331396116761326,99.89727558172716,0.006665382088384855,3.5923354943499595,treino
3300704,Cabo Frio,RJ,Municipal,2212,55.07882233391008,87.00408071745748,0.006658375474031173,3.5989938698239907,treino
2928802,Santo Estêvão,BA,Municipal,499,31.86372745490982,99.74669850436996,0.006633051527227918,3.6056269213512184,treino
3508504,Caçapava,SP,Municipal,752,44.25599195979816,77.05003305870085,0.006586482562486858,3.6122134039137053,treino
1300300,Autazes,AM,Municipal,132,35.04658635980109,94.34787059750828,0.006563827903227383,3.6187772318169324,validacao
4305108,Caxias do Sul,RS,Estadual,771,45.1873539824922,92.13735631673055,0.006494310068673842,3.6252715418856063,teste
2102325,Buriticupu,MA,Municipal,693,42.03387172651718,82.29863500648975,0.006482173678663533,3.63175371556427,treino
3506003,Bauru,SP,Municipal,1255,50.561729384789565,81.93291122101853,0.006473011557591839,3.638226727121862,teste
1505205,Oeiras do Pará,PA,Municipal,373,31.008394432047602,97.07137133374125,0.006445698793777709,3.6446724259156396,validacao
3522307,Itapetininga,SP,Municipal,1350,50.80759154737665,88.56534637838055,0.006414671509207796,3.6510870974248473,treino
2802908,Itabaiana,SE,Municipal,652,41.793928983601276,98.55725437410844,0.006397023732917544,3.657484121157765,treino
4316907,Santa Maria,RS,Estadual,569,41.67936747832765,98.65707823916556,0.006384737610643438,3.6638688587684083,treino
2706307,Palmeira dos Índios,AL,Municipal,586,38.665646128332696,95.34727283632802,0.00631367546091252,3.670182534229321,teste
1200203,Cruzeiro do Sul,AC,Municipal,546,42.18272961190288,75.34869013308072,0.0063007342280810424,3.676483268457402,treino
3523107,Itaquaquecetuba,SP,Municipal,4528,57.193075246508165,88.7069408617061,0.006266938925806177,3.682750207383208,teste
2805406,Poço Redondo,SE,Municipal,345,26.608076369421923,99.30167932901072,0.006250197279646989,3.689000404662855,treino
1301209,Coari,AM,Municipal,434,32.71843656292007,95.98243473066817,0.006231726330804754,3.6952321309936598,teste
2103208,Chapadinha,MA,Municipal,685,41.63889900036402,59.14383237242306,0.006184090551218321,3.701416221544878,teste
1508001,Tomé-Açu,PA,Municipal,1105,49.48945784334858,96.90569498857312,0.00618265253109823,3.7075988740759764,treino
2908408,Conceição do Coité,BA,Municipal,446,30.94170403587444,99.55810324674954,0.006123509745803064,3.7137223838217794,treino
2910602,Esplanada,BA,Municipal,359,23.955431754874652,99.8454770655229,0.006118152137047039,3.7198405359588267,treino
2211100,União,PI,Municipal,468,35.20589925301666,74.39111619729388,0.006112789787044328,3.7259533257458712,treino
2906006,Campo Formoso,BA,Municipal,619,39.09531502423263,99.48559468803892,0.006105824895661493,3.7320591506415326,treino
2704708,Marechal Deodoro,AL,Municipal,869,46.21959873556544,96.12265446142251,0.0060325697896032185,3.738091720431136,treino
2605202,Escada,PE,Municipal,406,30.477307376568547,77.45338171932569,0.0059475928993612944,3.744039313330497,teste
2915601,Itamaraju,BA,Municipal,556,37.410071942446045,99.18084730829376,0.005928644506977703,3.7499679578374745,treino
3303203,Nilópolis,RJ,Municipal,851,47.32453793897059,92.04432580872135,0.005906708180932126,3.7558746660184066,validacao
1501402,Belém,PA,Estadual,4530,57.46691239381381,84.44929488020276,0.005865100896507899,3.7617397669149146,treino
2906808,Cansanção,BA,Municipal,332,23.19277108433735,99.98764776484984,0.005778062512206574,3.767517829427121,validacao
1503804,Jacundá,PA,Municipal,464,37.8658957856078,98.97900297089735,0.005746010736354818,3.7732638401634757,teste
2103307,Codó,MA,Municipal,1166,50.84899546338302,82.25467355048586,0.005628260452515413,3.778892100615991,treino
3549805,São José do Rio Preto,SP,Municipal,3296,56.85034802096788,77.4215111071241,0.0056231643701206025,3.7845152649861116,treino
1508209,Vigia,PA,Municipal,447,37.718379409674164,97.80764192463106,0.005622520225151766,3.790137785211263,teste
2906501,Candeias,BA,Municipal,510,36.666666666666664,99.6509105693147,0.005617903199128212,3.7957556884103916,treino
1300508,Barreirinha,AM,Municipal,297,24.405262525531658,97.13342571476205,0.0056026875902611,3.801358376000653,treino
2501807,Bayeux,PB,Municipal,393,36.72231847535045,92.70822915633006,0.005581589042505068,3.806939965043158,treino
2706703,Penedo,AL,Municipal,589,42.23042969101883,96.77952003942171,0.0055799703808862115,3.8125199354240444,validacao
1303700,Santo Antônio do Içá,AM,Municipal,487,37.94507752662059,80.05623156727346,0.005572135944861027,3.8180920713689055,teste
4322509,Vacaria,RS,Municipal,461,38.06225141109604,81.26636053887015,0.005570352677412523,3.823662424046318,teste
2902104,Araci,BA,Municipal,331,24.47129909365559,99.73799076712706,0.005560012577083015,3.829222436623401,validacao
2500304,Alagoa Grande,PB,Municipal,312,28.471105392945216,89.61598229455034,0.005559345009549518,3.834781781632951,treino
2411205,Santa Cruz,RN,Municipal,351,32.73246102449888,97.8151030417273,0.005552140211084337,3.840333921844035,treino
3531803,Monte Mor,SP,Municipal,754,46.977805890856,84.20217651864976,0.005550818290786925,3.845884740134822,treino
2929206,São Francisco do Conde,BA,Municipal,342,25.730994152046783,99.98502871723079,0.005540526053200478,3.8514252661880226,validacao
2932903,Valença,BA,Municipal,417,31.894484412470025,99.85554838015214,0.005536970118185416,3.856962236306208,treino
1600279,Laranjal do Jari,AP,Municipal,539,39.78362895990061,90.04852647684154,0.005527650723697946,3.862489887029906,teste
2601706,Belo Jardim,PE,Municipal,658,43.918956043956044,84.20793294855031,0.0055160612202968555,3.868005948250203,treino
2910701,Euclides da Cunha,BA,Municipal,417,32.37410071942446,99.79975093945302,0.005442145184450448,3.8734480934346536,teste
3305554,Seropédica,RJ,Municipal,980,50.52714617932009,90.84307476800548,0.005407916702244803,3.8788560101368983,treino
2909802,Cruz das Almas,BA,Municipal,432,33.56481481481482,96.26827549965971,0.00539402153057995,3.884250031667478,teste
4209300,Lages,SC,Estadual,692,48.33221469684951,87.91779387508328,0.005393199398404471,3.889643231065883,treino
2606200,Goiana,PE,Municipal,702,45.8840636861044,78.17670450826995,0.005392528986122962,3.895035760052006,treino
2913903,Ipiaú,BA,Municipal,326,25.153374233128833,97.68796146444399,0.005370599771947413,3.900406359823953,treino
1721000,Palmas,TO,Municipal,2964,56.971903053227464,80.55907169630746,0.005358564117233095,3.9057649239411862,validacao
3539806,Poá,SP,Municipal,1172,51.72080250068983,71.79678792188639,0.005293414442731706,3.911058338383918,treino
1500206,Acará,PA,Municipal,517,41.744788252261706,99.41261148854252,0.005252155843717736,3.9163104942276354,treino
2604205,Catende,PE,Municipal,267,21.830743847105733,89.79189767183387,0.005250981911038101,3.9215614761386735,treino
2404200,Goianinha,RN,Municipal,373,35.323117921385744,98.05505313339513,0.005247123484484423,3.926808599623158,validacao
4318705,São Leopoldo,RS,Estadual,390,38.748657584223594,98.00373466681671,0.005194697346381999,3.93200329696954,treino
2914653,Itabela,BA,Municipal,313,24.920127795527158,99.60037718823223,0.00519104875992025,3.93719434572946,treino
3300308,Barra do Piraí,RJ,Municipal,712,48.012109200596754,91.95909066396662,0.005175909485124795,3.942370255214585,treino
3509601,Campo Limpo Paulista,SP,Municipal,846,48.76522268789353,84.20798570940968,0.005173687148097733,3.9475439423626826,treino
2923001,Nova Viçosa,BA,Municipal,481,37.21413721413722,93.08799146525577,0.0051736009721130155,3.9527175433347956,teste
4318309,São Gabriel,RS,Municipal,357,35.60931130708232,95.59592360238518,0.005171049862579894,3.9578885931973757,validacao
1507003,Santo Antônio do Tauá,PA,Municipal,331,31.640321326768596,99.75183256845628,0.005170523903013316,3.9630591171003893,validacao
1504802,Monte Alegre,PA,Municipal,732,46.688769871631386,96.29060918513501,0.005157650944134125,3.9682167680445235,validacao
1503077,Garrafão do Norte,PA,Municipal,340,32.88802646963703,99.70968255505703,0.005148047074845448,3.973364815119369,treino
2600054,Abreu e Lima,PE,Municipal,722,46.39250090735016,81.70086118306658,0.005117178714166704,3.978481993833536,teste
3507605,Bragança Paulista,SP,Municipal,1425,53.36286729419555,73.37632209110417,0.0051047379297373885,3.9835867317632734,treino
2109908,Santa Inês,MA,Municipal,817,48.48504184879133,86.55928609217762,0.005088955969139166,3.9886756877324125,treino
3302601,Mangaratiba,RJ,Municipal,429,40.95990645429903,91.57984372171856,0.005068561970640783,3.9937442497030533,treino
1500701,Anajás,PA,Municipal,339,33.84671711008054,97.07426709181486,0.005060820937175331,3.9988050706402287,validacao
4211306,Navegantes,SC,Municipal,795,53.3942191153606,81.84458528882676,0.005039107923848703,4.003844178564077,validacao
3556206,Valinhos,SP,Municipal,829,48.21379529079497,67.5741680787512,0.005025431179422636,4.0088696097435,teste
4316808,Santa Cruz do Sul,RS,Municipal,553,43.86393535686195,95.24853737449,0.005024953835030233,4.01389456357853,validacao
2914000,Ipirá,BA,Municipal,415,34.45783132530121,99.98153281238658,0.005006045314203326,4.018900608892733,treino
1505064,Novo Repartimento,PA,Municipal,707,47.88307369955361,86.77378701239455,0.00500333521759718,4.02390394411033,treino
3548906,São Carlos,SP,Municipal,978,50.317611618045646,73.16502562703728,0.005001917070194477,4.028905861180524,validacao
5005202,Ladário,MS,Municipal,332,33.374570793779036,87.87620421940211,0.004981244801034283,4.033887105981559,treino
5003306,Coxim,MS,Municipal,467,39.1904959248515,86.99598932421006,0.004975524486906722,4.038862630468465,treino
2911709,Guanambi,BA,Municipal,776,46.391752577319586,91.29368305465279,0.0049699644269171695,4.043832594895382,treino
1303809,São Gabriel da Cachoeira,AM,Municipal,340,31.60242201438071,93.74131281521835,0.004963329526303736,4.048795924421686,treino
2919157,Lapão,BA,Municipal,301,25.249169435215947,99.93236354592958,0.004945072881811743,4.053740997303498,validacao
3537602,Peruíbe,SP,Municipal,715,46.813939193855866,86.35864605007598,0.004938721685172367,4.05867971898867,treino
5005400,Maracaju,MS,Municipal,648,46.56554684873406,83.75757424620845,0.00488920487560311,4.063568923864273,validacao
4307708,Esteio,RS,Municipal,613,47.043535842211455,97.16736022688136,0.004876047079037177,4.06844497094331,treino
4201307,Araquari,SC,Municipal,562,49.548208026904916,82.82498546045814,0.004845118867411051,4.073290089810722,treino
4202107,Barra Velha,SC,Municipal,329,46.69537442940089,83.12428662996317,0.0048414145313746895,4.078131504342096,treino
2929909,Seabra,BA,Municipal,406,34.97536945812808,98.75681601484293,0.004797857172188204,4.082929361514284,teste
2402204,Canguaretama,RN,Municipal,309,32.26424913039906,99.78635518086692,0.004783960104024675,4.087713321618309,validacao
1502905,Curuçá,PA,Municipal,315,33.489893925800835,98.74246255361268,0.00474546734454897,4.092458788962857,teste
2901908,Aporá,BA,Municipal,230,16.52173913043478,99.71448244589224,0.004730341819368905,4.097189130782226,teste
2925501,Prado,BA,Municipal,321,28.97196261682243,99.51186788248289,0.004707062298136971,4.101896193080363,teste
5102504,Cáceres,MT,Municipal,1038,51.264115814932744,64.3163220383718,0.004706283785431005,4.1066024768657945,treino
2805604,Porto da Folha,SE,Municipal,210,16.873071742058837,99.1682217444255,0.0046946814806638655,4.111297158346458,teste
5005608,Miranda,MS,Municipal,396,38.787592775322835,92.16783020728066,0.004666421279787503,4.1159635796262455,treino
4322400,Uruguaiana,RS,Estadual,445,43.94073900113516,91.9554263184935,0.004661074456500038,4.120624654082746,teste
2616407,Vitória de Santo Antão,PE,Municipal,1004,50.65380148981769,87.3613094185624,0.004643330934298366,4.125267985017044,treino
3522208,Itapecerica da Serra,SP,Municipal,1768,54.90048925781837,75.14307365856598,0.0046341151611606355,4.129902100178205,teste
1507805,Senador José Porfírio,PA,Municipal,327,35.91205011669328,96.1294233778589,0.004629493131718423,4.134531593309923,treino
1500909,Augusto Corrêa,PA,Municipal,512,44.00267018349371,97.12451789535523,0.004629344256572458,4.139160937566495,treino
4202305,Biguaçu,SC,Municipal,228,35.03530551377807,92.67636311742254,0.00462469309357276,4.1437856306600676,treino
1302306,Jutaí,AM,Municipal,286,30.907900999524035,94.50898960777666,0.004620811434910319,4.148406442094978,validacao
2904605,Brumado,BA,Municipal,548,42.153284671532845,88.15252919874996,0.004610957227796581,4.153017399322774,treino
4303905,Campo Bom,RS,Municipal,585,45.436288170191474,90.51497870169709,0.004586974131946108,4.157604373454721,treino
3543907,Rio Claro,SP,Municipal,1619,54.518609848891955,81.60241098913808,0.004572198093484929,4.162176571548206,validacao
2926608,Ribeira do Pombal,BA,Municipal,501,40.7185628742515,99.98171824301079,0.004556290653498371,4.166732862201704,teste
2703106,Igaci,AL,Municipal,242,24.342446469585838,94.41232594135374,0.004550841064556621,4.171283703266261,teste
2917003,Itiúba,BA,Municipal,247,21.05263157894737,99.71378603927064,0.0045493684333357196,4.175833071699596,treino
4301602,Bagé,RS,Municipal,604,46.6834779285686,89.57552254358137,0.0045232092087621875,4.1803562809083585,teste
2804508,Nossa Senhora da Glória,SE,Municipal,313,31.255445068645418,97.81381802665928,0.00452073746696845,4.184877018375327,treino
4309209,Gravataí,RS,Estadual,335,37.54586953854628,96.28385876585591,0.004496180589369704,4.189373198964697,treino
1304237,Tonantins,AM,Municipal,296,30.02783576896312,94.52418419686403,0.004477531908286117,4.193850730872983,validacao
5106422,Peixoto de Azevedo,MT,Municipal,467,41.78448788535692,81.00328593806927,0.004477193857397353,4.19832792473038,validacao
2610707,Paulista,PE,Municipal,2007,55.54041547884239,85.40221100926398,0.0044446205444100524,4.20277254527479,validacao
1302553,Manaquiri,AM,Municipal,186,20.552509489666807,97.04237808104588,0.004423246530221523,4.207195791805011,treino
2800605,Barra dos Coqueiros,SE,Municipal,248,28.026022941277173,96.72684946428488,0.004413529345137033,4.211609321150148,teste
2108603,Pinheiro,MA,Municipal,539,46.806993525569716,84.87452999217888,0.004352975564827886,4.215962296714976,treino
2414209,Tibau do Sul,RN,Municipal,216,25.010529540146266,97.52190193483912,0.004320263333312668,4.220282560048289,validacao
2928604,Santo Amaro,BA,Municipal,395,36.962025316455694,98.9534201437025,0.004295806560528412,4.224578366608817,treino
1500503,Almeirim,PA,Municipal,355,38.9275281680345,98.44977287464863,0.004289057869994495,4.228867424478811,treino
3524006,Itupeva,SP,Municipal,646,48.329349402938306,82.98757554411999,0.004278294605527721,4.233145719084339,treino
2905206,Caetité,BA,Municipal,428,39.018691588785046,96.86758588668606,0.004237346988880805,4.23738306607322,teste
2515302,Sapé,PB,Municipal,376,38.996809309309306,89.19670560573616,0.004224344593967066,4.2416074106671875,treino
2928703,Santo Antônio de Jesus,BA,Municipal,467,40.899357601713064,96.93371561509981,0.004207050422552483,4.24581446108974,treino
3551504,Serrana,SP,Municipal,493,43.9727487577108,88.01135378037198,0.004198635535456958,4.250013096625197,treino
2907103,Carinhanha,BA,Municipal,316,31.962025316455698,99.78767840465397,0.004185762224928982,4.254198858850126,teste
1503705,Itupiranga,PA,Municipal,486,44.168584015552824,99.13292565215406,0.004181842636293046,4.258380701486419,validacao
3525003,Jandira,SP,Municipal,912,51.38974895792841,91.695818302574,0.004180177087380993,4.2625608785738,treino
2807105,Simão Dias,SE,Municipal,284,30.33756976665994,97.9227112030331,0.004168721236087471,4.266729599809888,treino
4322400,Uruguaiana,RS,Municipal,521,47.31814318498954,91.4217565124071,0.004163827344048584,4.270893427153936,teste
2919504,Livramento de Nossa Senhora,BA,Municipal,402,38.059701492537314,98.1539272422053,0.004162719766031384,4.275056146919968,treino
2933208,Vera Cruz,BA,Municipal,405,38.27160493827161,98.72009468869437,0.004153095035257285,4.2792092419552255,teste
3527207,Lorena,SP,Municipal,656,47.90513100779794,90.09643961900579,0.004149760279888506,4.283359002235114,validacao
3551702,Sertãozinho,SP,Municipal,1386,54.16216926830306,81.86011370787799,0.004148681816511216,4.287507684051626,treino
5106505,Poconé,MT,Municipal,371,38.3557924872896,76.59857110236774,0.00413876793601927,4.291646451987645,validacao
1506005,Prainha,PA,Municipal,452,43.28412229736165,81.17086794918625,0.004135554793139661,4.295782006780785,teste
3556503,Várzea Paulista,SP,Municipal,1188,53.24044218070024,85.05735422048205,0.004133115979356311,4.299915122760141,teste
1505486,Pacajá,PA,Municipal,500,45.49946116223162,99.60220265768797,0.00411809752283905,4.30403322028298,treino
3301850,Guapimirim,RJ,Municipal,593,47.741908329475145,88.5560909846826,0.004108727871136699,4.308141948154117,treino
2102200,Buriti,MA,Municipal,251,28.927636063574067,70.4804870405995,0.004093083653569105,4.3122350318076865,teste
1504604,Mocajuba,PA,Municipal,294,37.306420284529366,99.0790751334486,0.004081123858801782,4.316316155666488,treino
4304663,Capão do Leão,RS,Municipal,204,28.167042474413805,94.58091695715311,0.004077297451717101,4.320393453118205,teste
4310330,Imbé,RS,Municipal,269,37.48356048975494,92.10070478239388,0.004073824933987632,4.324467278052193,treino
1301407,Eirunepé,AM,Municipal,164,23.810724491511177,98.40757342082584,0.004071689726144489,4.3285389677783375,validacao
1200609,Tarauacá,AC,Municipal,497,45.18048324887145,74.69710663608609,0.0040349825201710125,4.332573950298508,treino
2906303,Canavieiras,BA,Municipal,272,28.676470588235293,99.87866345951723,0.004026645986121704,4.33660059628463,treino
2928109,Santa Maria da Vitória,BA,Municipal,251,26.294820717131476,99.98353979848402,0.003999194167805431,4.340599790452436,validacao
2801306,Capela,SE,Municipal,317,35.77610913676487,95.04750016964958,0.003990853366634104,4.34459064381907,validacao
4307609,Estância Velha,RS,Municipal,520,44.51563738508758,95.10001982876811,0.003982581778205616,4.348573225597276,treino
1304260,Uarini,AM,Municipal,144,11.225971310761366,95.31932629520958,0.003973724664728887,4.352546950262004,treino
3525201,Jarinu,SP,Municipal,507,44.07280225946737,81.8270837949285,0.00396965031804603,4.356516600580051,treino
2702900,Girau do Ponciano,AL,Municipal,395,39.958943021507174,95.724072634578,0.003960793388515449,4.360477393968566,treino
2405801,João Câmara,RN,Municipal,277,35.880840243867205,99.59773923534817,0.003941299278638214,4.364418693247204,validacao
2211209,Uruçuí,PI,Municipal,280,31.543692970165065,78.0343883269516,0.003933973104257852,4.368352666351462,teste
2915809,Itambé,BA,Municipal,252,26.984126984126984,99.90760346889601,0.003932769301724086,4.372285435653186,teste
2708006,Santana do Ipanema,AL,Municipal,513,44.166650798788964,93.99382692880727,0.003917541839740254,4.376202977492927,validacao
2923704,Paratinga,BA,Municipal,233,24.463519313304722,99.98452426537803,0.0039147051518475745,4.380117682644775,validacao
2911907,Iaçu,BA,Municipal,263,28.517110266159698,99.98596888817097,0.00391328277784155,4.384030965422617,treino
4307005,Erechim,RS,Estadual,587,47.208633567588265,91.05576560547051,0.00391123845737418,4.387942203879991,teste
4301602,Bagé,RS,Estadual,294,36.628589975367305,90.19701012307617,0.0039058765314570186,4.391848080411448,teste
2927705,Santa Cruz Cabrália,BA,Municipal,364,37.362637362637365,99.93604949459987,0.0038895291319409405,4.395737609543389,treino
3509007,Caieiras,SP,Municipal,999,52.209947096827754,90.96685688075436,0.0038830366009235473,4.399620646144312,validacao
2101202,Bacabal,MA,Municipal,902,51.37550650514057,78.821832422122,0.0038800461644427713,4.4035006923087545,treino
1507607,São Miguel do Guamá,PA,Municipal,676,49.58495723034874,98.20130033302684,0.003864956198612857,4.407365648507367,treino
2921500,Monte Santo,BA,Municipal,251,27.49003984063745,99.98025076110453,0.0038569567672029777,4.41122260527457,teste
4311403,Lajeado,RS,Municipal,579,47.52379098482275,89.42916409066522,0.003855187954151444,4.415077793228722,teste
2803203,Itaporanga d'Ajuda,SE,Municipal,345,39.49209705023659,98.60916145455874,0.0038444247039605643,4.418922217932683,treino
2926004,Remanso,BA,Municipal,329,35.25835866261398,99.98353979848402,0.0038437761014138176,4.422765994034097,treino
1100106,Guajará-Mirim,RO,Municipal,434,43.0733725596191,71.76674133827694,0.0038371397784263744,4.426603133812523,treino
1503754,Jacareacanga,PA,Municipal,187,24.958727952037535,89.60633971745928,0.0038132813509739885,4.430416415163497,teste
5000708,Anastácio,MS,Municipal,383,40.96133751306165,92.568292779715,0.0037809982022839186,4.434197413365781,treino
2503001,Caaporã,PB,Municipal,241,29.820653199924482,90.38725248083608,0.0037771212848681647,4.437974534650649,treino
2803609,Laranjeiras,SE,Municipal,215,27.34163730230271,96.89104924283849,0.0037674865974760227,4.441742021248125,treino
5007109,Ribas do Rio Pardo,MS,Municipal,419,42.88498190461914,87.8374740992318,0.0037671589773299705,4.4455091802254545,treino
2103000,Caxias,MA,Municipal,1394,55.15372758014984,84.40427082471386,0.0037664586951943347,4.449275638920649,teste
3520400,Ilhabela,SP,Municipal,410,43.27239335569109,82.3438828886757,0.0037525738386047403,4.4530282127592535,treino
1303403,Parintins,AM,Municipal,799,51.36203154860234,93.92876687069548,0.0037492740465782195,4.456777486805832,treino
2107506,Paço do Lumiar,MA,Municipal,1548,55.550723361152095,83.32867617887358,0.0037458447028496876,4.460523331508681,teste
2927200,Ruy Barbosa,BA,Municipal,247,27.93522267206478,99.82897491891914,0.0037433564965884862,4.46426668800527,treino
2400208,Açu,RN,Municipal,312,40.850272801892714,99.16714485686968,0.0037412125048367374,4.4680079005101065,validacao
2914604,Irecê,BA,Municipal,600,46.833333333333336,99.47713449163844,0.0037171374024107663,4.471725037912518,treino
2205508,José de Freitas,PI,Municipal,451,42.97595644941781,69.55280410101265,0.0037144391589213396,4.475439477071439,validacao
1503903,Juruti,PA,Municipal,762,51.01517369741128,94.44391695079439,0.0037117736300340495,4.479151250701473,treino
2913200,Ibotirama,BA,Municipal,289,32.8719723183391,99.04625489771229,0.0037034351994860637,4.482854685900959,validacao
2606408,Gravatá,PE,Municipal,447,43.10878823073945,83.59042569367587,0.003701446720625641,4.486556132621584,treino
3554003,Tatuí,SP,Municipal,1236,53.92252504429177,80.44482106851117,0.0037012932370827215,4.490257425858667,validacao
2923100,Olindina,BA,Municipal,202,21.287128712871286,99.57748888389867,0.0036980775907300384,4.493955503449397,teste
2601102,Araripina,PE,Municipal,937,52.05032384137313,63.876313636878535,0.0036948170353835598,4.497650320484781,treino
4312401,Montenegro,RS,Municipal,353,39.800163802429914,94.99079592673054,0.0036880434828093166,4.501338363967591,treino
4302105,Bento Gonçalves,RS,Municipal,732,50.9672653973662,90.86410498834181,0.0036795591316706503,4.5050179230992615,treino
2919801,Macaúbas,BA,Municipal,273,31.501831501831504,99.50196541143706,0.003675746318835453,4.508693669418097,validacao
2706901,Pilar,AL,Municipal,528,45.796721788644504,97.40817012475398,0.0036756187792995804,4.512369288197396,treino
2905404,Cairu,BA,Municipal,286,32.86713286713287,99.85733409443786,0.003665647463392679,4.516034935660789,teste
2912707,Ibirapitanga,BA,Municipal,204,22.058823529411764,99.87400076110453,0.0036600527923023158,4.519694988453091,teste
2930774,Sobradinho,BA,Municipal,302,34.437086092715234,98.44947966601781,0.0036459238771758056,4.5233409123302675,treino
1508407,Xinguara,PA,Municipal,599,49.26887913439763,95.07861284472897,0.003605654572566576,4.526946566902834,validacao
2900801,Alcobaça,BA,Municipal,250,29.6,99.10277010228224,0.003591494365211934,4.530538061268046,validacao
1301506,Envira,AM,Municipal,138,19.29957304220937,81.73836802520931,0.0035617653261120156,4.534099826594158,teste
3509205,Cajamar,SP,Municipal,967,53.17464294208008,85.75986823213564,0.0035425986763305698,4.537642425270488,treino
2905800,Camamu,BA,Municipal,236,28.389830508474578,99.92929348318764,0.003525780686133601,4.541168205956621,treino
4304606,Canoas,RS,Estadual,518,48.945479013976886,96.85138292390162,0.003521402260438429,4.54468960821706,validacao
2911105,Formosa do Rio Preto,BA,Municipal,234,28.205128205128204,97.3823349187118,0.0035163930176938386,4.548206001234754,teste
2906873,Capim Grosso,BA,Municipal,242,29.33884297520661,99.83387138321137,0.003506531224585402,4.551712532459339,validacao
1200401,Rio Branco,AC,Municipal,1401,55.635615028306745,74.78410758654977,0.0034963247428428305,4.555208857202182,treino
4314803,Portão,RS,Municipal,308,39.67185264643608,95.36158309398868,0.003481410928456252,4.558690268130638,teste
2801504,Carmópolis,SE,Municipal,147,16.163806082505268,98.37656275730973,0.0034432806231608345,4.562133548753799,treino
2500601,Alhandra,PB,Municipal,216,30.741039065646394,70.77502674949994,0.0034327432023995358,4.565566291956198,treino
2928406,Santa Rita de Cássia,BA,Municipal,259,32.04633204633205,98.24216653796324,0.003420382772287183,4.568986674728485,treino
1303106,Nova Olinda do Norte,AM,Municipal,202,32.8011720070621,91.4384846274371,0.0034203254032022725,4.572407000131688,treino
2929305,São Gonçalo dos Campos,BA,Municipal,203,24.63054187192118,99.73243900416588,0.0033945903903112714,4.575801590521999,treino
2927002,Rio Real,BA,Municipal,268,33.208955223880594,99.60177167012093,0.0033915085799648844,4.579193099101963,treino
3519709,Ibiúna,SP,Municipal,963,53.05865126979866,80.60691705574867,0.0033766419700371935,4.5825697410720005,treino
2909307,Correntina,BA,Municipal,214,26.635514018691588,99.22411782242365,0.003375103866428736,4.585944844938429,validacao
1503457,Ipixuna do Pará,PA,Municipal,328,42.96354464115743,97.71814733914417,0.003374523537834277,4.589319368476263,teste
2207900,Pedro II,PI,Municipal,367,41.972896152674856,81.38890305014937,0.0033492147630204147,4.592668583239284,treino
2914703,Itaberaba,BA,Municipal,375,41.06666666666667,99.89984699279893,0.003348505472516077,4.5960170887118,validacao
2910503,Entre Rios,BA,Municipal,255,32.549019607843135,98.44680021921934,0.0033067825016726907,4.599323871213473,treino
2700409,Atalaia,AL,Municipal,433,44.259037640842685,98.2064802696347,0.0032842203310644623,4.602608091544537,treino
2921708,Morro do Chapéu,BA,Municipal,219,28.310502283105023,99.71187697316951,0.003280041870359429,4.605888133414897,treino
3304755,São Francisco de Itabapoana,RJ,Municipal,487,47.46208436903347,79.00120946519279,0.003273964540356353,4.609162097955253,teste
2922904,Nova Soure,BA,Municipal,242,31.40495867768595,98.84716955045434,0.003269468890247981,4.612431566845501,treino
3545308,Salto de Pirapora,SP,Municipal,431,45.1159182974375,83.61608840661188,0.0032664260167546803,4.6156979928622555,validacao
2109106,Presidente Dutra,MA,Municipal,429,45.12438987679274,56.32603018029714,0.003258039166860236,4.618956032029116,teste
2414407,Touros,RN,Municipal,256,38.34134993240907,99.53743267576127,0.0032513530607825823,4.622207385089899,treino
3300209,Araruama,RJ,Municipal,1329,55.89482462940776,90.5920689728608,0.003233308350017484,4.625440693439916,validacao
2913705,Inhambupe,BA,Municipal,229,30.131004366812228,99.8954770655229,0.0032321552788232705,4.62867284871874,validacao
2912202,Ibicoara,BA,Municipal,249,32.53012048192771,98.13725149304796,0.00323120702948592,4.631904055748225,treino
4303103,Cachoeirinha,RS,Estadual,264,39.88457854063331,96.64227651101874,0.0032265337078715645,4.635130589456097,treino
1301209,Coari,AM,Estadual,498,47.752274644222304,65.07019412975637,0.003209386389859501,4.638339975845956,teste
3504503,Avaré,SP,Municipal,813,52.47252983024932,50.12467102909783,0.003208129178893396,4.6415481050248495,treino
2905602,Camacan,BA,Municipal,191,24.607329842931936,99.58150580740995,0.0031960269790702474,4.64474413200392,teste
2700508,Barra de Santo Antônio,AL,Municipal,235,32.966813274690125,97.14048142472858,0.003193699026947054,4.647937831030867,treino
2613701,São Lourenço da Mata,PE,Municipal,914,53.31396315753431,86.53174756205586,0.003191893086084073,4.651129724116951,treino
3550605,São Roque,SP,Municipal,725,51.51275942169679,82.20548018988528,0.0031693483376324704,4.654299072454584,validacao
2906204,Canarana,BA,Municipal,255,33.72549019607843,99.76033973640577,0.003164545101070238,4.657463617555654,treino
4303004,Cachoeira do Sul,RS,Estadual,305,40.639609038194386,89.69723966305439,0.0031596119458761813,4.66062322950153,teste
2900207,Abaré,BA,Municipal,159,18.238993710691823,99.95149092352571,0.003140649217769026,4.663763878719299,treino
3521002,Iperó,SP,Municipal,380,44.75405486238532,86.51456400217225,0.0031309448719805625,4.66689482359128,teste
2925105,Poções,BA,Municipal,389,42.9305912596401,99.13129536226151,0.003129744350389504,4.670024567941669,validacao
1501204,Baião,PA,Municipal,261,38.148649094447926,98.67803585991972,0.003126134839286883,4.673150702780957,teste
1200807,Porto Acre,AC,Municipal,236,39.68711656441718,87.33241436693507,0.0031241970917660093,4.676274899872722,teste
2916104,Itaparica,BA,Municipal,210,28.571428571428573,99.01033913709767,0.00311926619521179,4.679394166067934,treino
2933158,Várzea Nova,BA,Municipal,156,17.94871794871795,98.51717390719634,0.0031028614816756414,4.682497027549609,treino
3162450,São João das Missões,MG,Municipal,62,33.4156311976363,66.07003382775109,0.003102431450601152,4.68559945900021,treino
2908903,Coração de Maria,BA,Municipal,169,21.301775147928993,99.98818726904103,0.0030927626262328665,4.688692221626443,treino
2100600,Amarante do Maranhão,MA,Municipal,309,41.32004910217248,81.36834851832955,0.0030857792439879547,4.691778000870431,validacao
2701308,Cajueiro,AL,Municipal,233,33.39993475778829,96.90260663815927,0.003081277430258888,4.69485927830069,treino
2904902,Cachoeira,BA,Municipal,242,33.05785123966942,99.88542992334014,0.003079819022778044,4.697939097323468,teste
1508084,Tucumã,PA,Municipal,467,48.54788551750795,84.81095061331979,0.003063453661589393,4.7010025509850575,teste
2925006,Planalto,BA,Municipal,181,24.30939226519337,99.55629297920017,0.0030542637031364694,4.704056814688194,treino
5102702,Canarana,MT,Municipal,303,42.06037108834118,78.26831657582638,0.0030542589618897833,4.707111073650084,treino
4304408,Canela,RS,Municipal,288,42.32896823433941,84.04136346564866,0.0030529396445652494,4.710164013294649,treino
2804607,Nossa Senhora das Dores,SE,Municipal,196,28.40268587952752,98.14936788865728,0.003046913348398003,4.713210926643047,validacao
1600600,Santana,AP,Estadual,487,47.586696605062656,92.13692256923301,0.0030420279678119795,4.716252954610859,validacao
2609402,Moreno,PE,Municipal,385,43.938790743966166,81.12234879337582,0.0030414196658620665,4.71929437427672,treino
2106904,Monção,MA,Municipal,245,36.19329753749305,60.07217833203992,0.0030353437582330005,4.7223297180349535,teste
3300803,Cachoeiras de Macacu,RJ,Municipal,474,49.28515683376783,89.9679666012125,0.0030308784521034205,4.725360596487057,treino
3557006,Votorantim,SP,Municipal,1103,54.69449323874326,87.42549514779299,0.0030110321796045685,4.728371628666662,treino
4315602,Rio Grande,RS,Estadual,340,44.78229564109649,96.23495542060726,0.0030104241516370834,4.731382052818299,treino
2919926,Madre de Deus,BA,Municipal,186,25.806451612903224,96.06822362768568,0.0030066141739346483,4.734388666992234,treino
4317103,Sant'Ana do Livramento,RS,Estadual,496,49.23590512413997,94.9695037701009,0.0029831051537141397,4.7373717721459485,treino
2106326,Maracaçumé,MA,Municipal,315,41.66448649748555,54.231223437821086,0.0029742783974063534,4.740346050543355,teste
2914901,Itacaré,BA,Municipal,218,31.192660550458715,99.0802623790757,0.0029671670015009003,4.743313217544856,treino
2931905,Tucano,BA,Municipal,256,35.546875,99.99096504681881,0.0029558828343864397,4.746269100379242,treino
4317509,Santo Ângelo,RS,Municipal,301,41.472485409045284,90.25450470452846,0.002953085500552848,4.749222185879795,treino
2704500,Maragogi,AL,Municipal,408,45.61302505526898,97.59169946822371,0.0029414580654666764,4.752163643945261,treino
1503093,Goianésia do Pará,PA,Municipal,300,42.283424283765356,96.13315211018282,0.002938727107375108,4.755102371052637,treino
1600402,Mazagão,AP,Municipal,347,44.20809776132647,92.62931272641084,0.0029345268369353177,4.758036897889572,validacao
4317202,Santa Rosa,RS,Estadual,346,43.20677290621525,91.2013859542382,0.0029284281600806578,4.760965326049653,validacao
2802809,Indiaroba,SE,Municipal,235,34.297794727242575,98.05902089948934,0.002928324812144383,4.763893650861797,validacao
2708808,São Sebastião,AL,Municipal,336,42.41595441595442,96.82579107417453,0.0029096556791906422,4.766803306540988,teste
3303807,Paraty,RJ,Municipal,415,48.88421355487224,88.31205697294673,0.002904482504930731,4.769707789045919,treino
2928000,Santaluz,BA,Municipal,199,29.14572864321608,97.80778741293008,0.002901690384756905,4.772609479430676,validacao
1301605,Fonte Boa,AM,Municipal,164,35.56237055918432,96.38848561458391,0.002897229819874012,4.77550670925055,treino
3306008,Três Rios,RJ,Municipal,636,51.425558777418594,86.43317470129604,0.0028960117936001843,4.77840272104415,treino
3519600,Ibitinga,SP,Municipal,511,49.195223770640894,74.23569321600868,0.002892977162200046,4.781295698206351,validacao
2408300,Nova Cruz,RN,Municipal,158,28.426553526155118,99.57238801425008,0.002884040145716147,4.784179738352067,treino
1600600,Santana,AP,Municipal,1222,55.324398162513155,95.17074761798554,0.0028665876166622225,4.787046325968729,validacao
1200138,Bujari,AC,Municipal,145,26.701484332050576,92.20256582190657,0.0028631487904403276,4.789909474759169,treino
2202901,Corrente,PI,Municipal,263,37.78437190900099,70.94115118851032,0.0028622446346971654,4.7927717193938655,treino
1302900,Maués,AM,Municipal,329,45.98935410281817,91.24970599724598,0.0028621972222302957,4.7956339166160955,treino
2905909,Campo Alegre de Lourdes,BA,Municipal,189,28.04232804232804,99.63372298332675,0.0028547520425580954,4.798488668658654,validacao
5219753,Santo Antônio do Descoberto,GO,Municipal,908,53.708084756222995,65.6385813639721,0.0028541261979954462,4.801342794856649,treino
1507201,São Domingos do Capim,PA,Municipal,184,32.95856662933931,98.88251745553718,0.002851705791561859,4.804194500648211,validacao
4313508,Osório,RS,Municipal,329,44.61745623883091,88.2166938840757,0.0028472090318168515,4.8070417096800275,teste
4126256,Sarandi,PR,Municipal,1465,56.54869644402972,56.469907876235645,0.0028266848104218758,4.809868394490449,treino
2907301,Castro Alves,BA,Municipal,203,30.541871921182267,99.27975447917551,0.00282564078790146,4.8126940352783505,treino
1503200,Igarapé-Açu,PA,Municipal,243,40.43033255943233,98.88653261838589,0.0028229472856587177,4.815516982564009,validacao
4311809,Marau,RS,Municipal,309,43.573162217434955,87.87799793112588,0.0028177081702347125,4.818334690734244,treino
2922656,Nordestina,BA,Municipal,176,26.136363636363637,99.93393662388085,0.0028174384311333853,4.821152129165378,treino
3528403,Mairinque,SP,Municipal,466,49.33130054853194,52.078303395540324,0.002811104294509474,4.823963233459887,treino
2911808,Guaratinga,BA,Municipal,159,22.641509433962263,99.53788964999342,0.0028087619496966363,4.826771995409584,treino
1721208,Tocantinópolis,TO,Municipal,218,35.43043621943159,92.76261114068075,0.0028085210943649495,4.829580516503949,teste
1500800,Ananindeua,PA,Estadual,1086,55.223263615622486,85.66055023949636,0.002789278744686785,4.832369795248636,treino
2918100,Jeremoabo,BA,Municipal,193,29.533678756476682,99.86972725683103,0.002778702445702651,4.835148497694338,treino
2807402,Tobias Barreto,SE,Municipal,415,46.2637516315495,94.18060421371247,0.002773864477583492,4.837922362171922,teste
3305208,São Pedro da Aldeia,RJ,Municipal,1152,55.73610149283567,63.0070402148894,0.0027652520029770194,4.8406876141748985,treino
1506203,Salinópolis,PA,Municipal,525,50.45254006358269,93.79433814343385,0.0027615618906807176,4.84344917606558,validacao
4216206,São Francisco do Sul,SC,Municipal,320,49.50594121325829,91.41893186704696,0.002757999792044963,4.846207175857624,treino
4309308,Guaíba,RS,Estadual,208,37.03181140485701,96.6638832245562,0.0027521555013193645,4.848959331358944,treino
1303569,Rio Preto da Eva,AM,Municipal,356,46.74014105267933,98.19277142414458,0.002751394287160984,4.851710725646105,validacao
1300805,Borba,AM,Municipal,129,22.82343890242339,96.31724745975379,0.0027419587321296877,4.854452684378234,treino
1502301,Capitão Poço,PA,Municipal,465,48.97928237011201,88.20522811932572,0.0027316422534639936,4.857184326631698,teste
2703809,Joaquim Gomes,AL,Municipal,170,27.899056445759587,97.61493188741434,0.002717535148072241,4.85990186177977,treino
3536703,Pederneiras,SP,Municipal,400,46.772082311086876,79.20733893211931,0.0027075572873436725,4.862609419067113,validacao
1502004,Cachoeira do Arari,PA,Municipal,192,33.13018611410623,91.69603809233278,0.0027073793976692254,4.865316798464782,teste
3534708,Ourinhos,SP,Municipal,841,53.667667389875994,84.27205976666673,0.0027037359005138203,4.8680205343652965,treino
1200336,Mâncio Lima,AC,Municipal,215,38.062629837654846,88.3917514120477,0.0026913241140138896,4.870711858479311,teste
2109452,Raposa,MA,Municipal,431,48.35930339138405,53.70124231525377,0.002686345330868135,4.873398203810179,treino
5108402,Várzea Grande,MT,Estadual,273,41.62756835463517,91.57399749981309,0.0026774270458503604,4.87607563085603,treino
2931509,Teofilândia,BA,Municipal,186,29.56989247311828,99.97720481577085,0.002674726905862258,4.878750357761892,treino
2802700,Ilha das Flores,SE,Municipal,114,16.271868710326675,96.33216346890208,0.0026721106859405102,4.881422468447833,treino
2706448,Paripueira,AL,Municipal,232,35.79886734168526,66.40223491225201,0.0026633915332835803,4.884085859981116,teste
4321303,Taquari,RS,Estadual,166,30.968376768540402,82.85867954503998,0.0026611360767234667,4.886746996057839,teste
2925808,Queimadas,BA,Municipal,188,30.319148936170212,99.87298854592959,0.0026367021074345355,4.889383698165274,validacao
2907905,Cipó,BA,Municipal,193,31.088082901554404,99.14349552132818,0.002636465045100198,4.892020163210374,treino
4304705,Carazinho,RS,Municipal,266,41.966477968170935,92.75384000104904,0.002618839358136023,4.89463900256851,teste
3539103,Pirapora do Bom Jesus,SP,Municipal,260,40.789201735649605,83.30308230469797,0.00260953941341829,4.897248541981928,treino
4300406,Alegrete,RS,Estadual,346,46.583096378610435,84.51638767073932,0.0026065770436481147,4.899855119025577,teste
1507706,São Sebastião da Boa Vista,PA,Municipal,377,47.420080430781816,91.74931519010623,0.0026042658164764816,4.902459384842053,treino
2202307,Canto do Buriti,PI,Municipal,200,36.44631289948951,72.3420094276008,0.0025921765856746115,4.905051561427728,treino
2109270,Presidente Sarney,MA,Municipal,219,39.6158866306172,58.41482028191284,0.0025788517859861725,4.907630413213714,treino
1501782,Breu Branco,PA,Municipal,503,50.54328173161366,98.4752393948896,0.0025762640135445444,4.910206677227259,treino
2200509,Amarante,PI,Municipal,198,32.94023585848491,74.455240908604,0.0025579917229384876,4.912764668950198,treino
1507508,São João do Araguaia,PA,Municipal,197,35.3965007952738,97.08452172969095,0.0025564778428714095,4.915321146793069,treino
2613404,São José da Coroa Grande,PE,Municipal,244,39.22666872682324,79.9209443816894,0.0025374735037769153,4.917858620296846,teste
4318002,São Borja,RS,Municipal,300,46.35456179865356,89.38590317280133,0.0025367794373445693,4.920395399734191,treino
1504059,Mãe do Rio,PA,Municipal,367,46.968303895475444,95.99482916979385,0.0025340398929263714,4.922929439627117,validacao
2932705,Uruçuca,BA,Municipal,159,26.41509433962264,99.68938537648914,0.0025242871484917307,4.925453726775609,treino
4111803,Jacarezinho,PR,Municipal,341,47.69018932874354,67.36626310311571,0.0025225447403343505,4.927976271515943,treino
2709103,Taquarana,AL,Municipal,239,38.96569380440348,91.41667561426223,0.002519977829378144,4.930496249345321,validacao
4202305,Biguaçu,SC,Estadual,353,51.575666447389025,88.46969498419871,0.0025198559793382946,4.9330161053246595,treino
4302105,Bento Gonçalves,RS,Estadual,301,44.286792426899005,93.66113652950237,0.00251688631571956,4.935532991640379,treino
2908606,Conde,BA,Municipal,167,28.143712574850298,99.51708637041999,0.002514425355383294,4.938047416995762,treino
4323804,Xangri-lá,RS,Municipal,204,38.097381110188664,89.57926897731822,0.002510637631120446,4.940558054626883,validacao
4321204,Taquara,RS,Municipal,332,44.703820744082655,87.33337361770708,0.0025072994408417175,4.943065354067724,treino
1506583,Santa Maria das Barreiras,PA,Municipal,246,42.44207306937934,93.08226378138191,0.002489874705914642,4.945555228773639,treino
1200385,Plácido de Castro,AC,Municipal,162,33.78761502113902,92.64407267346854,0.0024891047274527133,4.948044333501092,treino
1300508,Barreirinha,AM,Estadual,113,26.255693116941437,93.1675776703648,0.0024866942776371704,4.950531027778729,treino
2804805,Nossa Senhora do Socorro,SE,Estadual,159,30.113636363636363,97.81629525161054,0.0024855511630609956,4.95301657894179,treino
2507507,João Pessoa,PB,Estadual,476,51.623710118360954,60.69569622685711,0.00248314213561946,4.95549972107741,teste
2600708,Aliança,PE,Municipal,237,39.21925006914536,76.32252475602527,0.0024816116611889763,4.957981332738599,treino
2805703,Propriá,SE,Municipal,145,29.582461037450567,98.71398886460015,0.0024718034441680997,4.960453136182767,treino
1506609,Santa Maria do Pará,PA,Municipal,237,39.79402915991669,97.84702275604,0.0024714573331599673,4.962924593515926,validacao
1502707,Conceição do Araguaia,PA,Municipal,489,50.69294679158564,98.01313591477948,0.002469445148066113,4.965394038663993,validacao
1505502,Paragominas,PA,Municipal,1446,56.71506685097065,80.13123094024924,0.002468910335439848,4.967862948999433,treino
2924207,Pedro Alexandre,BA,Municipal,132,20.454545454545453,98.5290879098727,0.0024686723248561714,4.97033162132429,validacao
2401206,Arês,RN,Municipal,149,31.226581441481155,99.04976869875848,0.0024671797803991822,4.972798801104688,validacao
4305454,Cidreira,RS,Municipal,107,28.21644115470209,90.1638858306123,0.002448578949892624,4.975247380054581,treino
4317509,Santo Ângelo,RS,Estadual,311,44.224201497424275,92.72611764704844,0.002437788750455575,4.977685168805037,treino
4307005,Erechim,RS,Municipal,342,45.881728439961776,94.01963913728149,0.0024259390276985095,4.980111107832736,teste
1508035,Tracuateua,PA,Municipal,193,37.156516688262364,97.1016649140747,0.002413398396857389,4.982524506229593,teste
1200104,Brasiléia,AC,Municipal,307,46.67536534446764,91.49699546288785,0.0024027121009501263,4.984927218330543,treino
4321501,Torres,RS,Municipal,258,44.014496610553785,95.59796532587796,0.0024026151982930455,4.987329833528836,treino
2604106,Caruaru,PE,Municipal,3085,58.369498204852334,78.05039496628629,0.0024011133525673476,4.989730946881403,treino
2112100,Timbiras,MA,Municipal,293,44.64,82.4693818522429,0.002396640934567745,4.992127587815971,treino
1501808,Breves,PA,Municipal,990,55.5792648961788,97.25144629800238,0.002390493434113707,4.994518081250085,treino
2704203,Limoeiro de Anadia,AL,Municipal,318,44.60155416730155,89.8859637322351,0.0023801935498114143,4.9968982747998965,treino
3515103,Embu-Guaçu,SP,Municipal,303,45.33907189926651,87.6930121319672,0.0023748711354480766,4.999273145935344,treino
3511409,Cerqueira César,SP,Municipal,236,39.994274868462035,83.39556594791311,0.0023688866020876278,5.001642032537432,treino
2806305,Santa Luzia do Itanhy,SE,Municipal,123,22.153240460327073,97.48492273147917,0.0023637921551479465,5.004005824692579,treino
2920205,Malhada,BA,Municipal,190,33.68421052631579,99.73657981577085,0.002361614974669392,5.006367439667248,treino
4303004,Cachoeira do Sul,RS,Municipal,201,40.212505161131396,90.56006775812322,0.0023615847330493702,5.0087290244002975,teste
2927101,Rodelas,BA,Municipal,148,26.35135135135135,92.45423605850193,0.002354123804904329,5.011083148205202,teste
2407203,Macau,RN,Municipal,145,32.313851971306235,99.55856989383906,0.002352045716481527,5.0134351939216835,treino
1709500,Gurupi,TO,Municipal,728,54.01907114272482,90.20297025757534,0.0023480497937739355,5.0157832437154575,validacao
3540705,Porto Ferreira,SP,Municipal,460,50.075764613350785,76.51588241363572,0.0023475878153116254,5.018130831530769,teste
4216602,São José,SC,Estadual,581,55.01044151268323,60.776407172402,0.002342347022259113,5.020473178553028,treino
2930600,Serrolândia,BA,Municipal,144,25.694444444444443,99.47937707579854,0.0023353484680248057,5.022808527021053,treino
1200179,Capixaba,AC,Municipal,151,34.972844018070155,80.49394633206353,0.0023283783612706157,5.025136905382324,validacao
2110401,São Benedito do Rio Preto,MA,Municipal,183,38.290372328706766,87.13934696124974,0.0023252519832053743,5.027462157365529,validacao
2804409,Neópolis,SE,Municipal,138,25.492680180180177,99.22160457960315,0.0023178020622864866,5.029779959427816,validacao
2927606,Santa Brígida,BA,Municipal,155,28.387096774193548,99.89483409443785,0.0023158619441422694,5.032095821371958,validacao
2928208,Santana,BA,Municipal,230,38.69565217391305,99.22489834911586,0.0023123060091272073,5.034408127381085,teste
2607653,Itambé,PE,Municipal,247,43.30132134586569,80.22002767623732,0.002310900703609255,5.036719028084694,treino
2602605,Brejo da Madre de Deus,PE,Municipal,420,48.73641242030913,77.18547136541524,0.0023080360423611205,5.039027064127056,treino
1600105,Amapá,AP,Municipal,103,19.039220626522212,88.82495401200359,0.0023067554316310314,5.0413338195586865,treino
4321709,Três Coroas,RS,Municipal,239,42.24008270219625,88.68245307289567,0.002302575673701941,5.043636395232388,validacao
1711902,Lagoa da Confusão,TO,Municipal,177,35.64965255211718,87.03778299222013,0.0022998825204339213,5.045936277752823,treino
3504008,Assis,SP,Municipal,869,54.854719021075994,78.45757944726763,0.0022940164051524227,5.0482302941579755,validacao
2402006,Caicó,RN,Municipal,244,44.579501702357845,97.72428844652975,0.0022828026533695785,5.050513096811345,treino
2801702,Cristinápolis,SE,Municipal,185,34.733703044888564,96.61049669033648,0.002280675255981235,5.052793772067327,treino
2706505,Passo de Camaragibe,AL,Municipal,172,32.5926346897022,87.04835598526466,0.002278170929481294,5.0550719429968085,validacao
3301157,Cardoso Moreira,RJ,Municipal,163,34.96798375761362,78.49029345869442,0.0022706735960955388,5.057342616592904,validacao
1300409,Barcelos,AM,Municipal,173,38.22282980177717,95.75433060816061,0.002255437125743004,5.059598053718647,validacao
2208809,Regeneração,PI,Municipal,161,31.327188384842458,63.74611128109866,0.0022486789527157132,5.061846732671363,treino
2907509,Catu,BA,Municipal,231,39.39393939393939,98.8746067703399,0.0022458811430458624,5.064092613814409,treino
1300680,Boa Vista do Ramos,AM,Municipal,147,31.9234404536862,96.02206170807843,0.0022453937428864646,5.066338007557295,treino
2800670,Boquim,SE,Municipal,142,33.032214078745525,98.20803110126963,0.002242135084038662,5.068580142641334,teste
2905503,Caldeirão Grande,BA,Municipal,149,28.187919463087248,95.25752658837213,0.002240286471955499,5.070820429113289,teste
3518701,Guarujá,SP,Estadual,1155,56.082149230263305,64.08498270679614,0.002239139758678258,5.073059568871967,validacao
1500859,Anapu,PA,Municipal,318,48.43050418532217,98.03056558512236,0.0022347885222975465,5.075294357394265,treino
4318507,São José do Norte,RS,Municipal,183,38.450830422149814,86.00096696067222,0.002231205948094885,5.07752556334236,treino
2906709,Cândido Sales,BA,Municipal,162,30.864197530864196,99.98561290346292,0.002230187616512725,5.079755750958872,treino
2922003,Mucuri,BA,Municipal,392,47.95918367346939,98.23082588675156,0.0022192827491332038,5.081975033708006,treino
2100907,Araioses,MA,Municipal,239,42.515414902310376,62.81685361743903,0.002219035256056157,5.084194068964062,teste
2908507,Conceição do Jacuípe,BA,Municipal,208,37.5,99.30854222835826,0.0022090416562898273,5.086403110620352,validacao
3531902,Morro Agudo,SP,Municipal,279,45.303090081220276,67.55927953773883,0.002207720849412565,5.088610831469764,treino
2906824,Canudos,BA,Municipal,156,30.128205128205128,98.1186734601475,0.00220202461119344,5.090812856080958,validacao
4300406,Alegrete,RS,Municipal,155,40.956060263144096,88.40875984744247,0.0022005383563984456,5.093013394437357,teste
2707404,Porto de Pedras,AL,Municipal,133,27.480755773268022,94.60395308463542,0.0021964820938166303,5.0952098765311735,treino
1507151,São Domingos do Araguaia,PA,Municipal,194,40.37785402634812,96.55536187407287,0.002185047629182199,5.097394924160356,treino
2908200,Conceição da Feira,BA,Municipal,142,27.464788732394368,99.24889890701391,0.0021837233989825903,5.099578647559339,teste
2924603,Pindobaçu,BA,Municipal,222,39.189189189189186,95.94072128634032,0.0021799304016331925,5.101758577960972,teste
1507474,São João de Pirabas,PA,Municipal,222,40.763135946622185,98.47385209655828,0.002175767587042227,5.103934345548014,validacao
4316402,Rosário do Sul,RS,Estadual,177,38.37073561432117,89.1714057601539,0.0021640017593983337,5.106098347307412,treino
2925956,Rafael Jambeiro,BA,Municipal,173,33.52601156069364,98.39152829417196,0.002163288625762705,5.108261635933175,validacao
2511202,Pedras de Fogo,PB,Municipal,376,48.58942755409477,76.9708351600853,0.0021536823858506835,5.110415318319026,treino
3304805,São Fidélis,RJ,Municipal,338,48.6876705532126,88.5922910859538,0.002142896523763,5.112558214842789,treino
2932457,Umburanas,BA,Municipal,122,22.950819672131146,98.79881657408994,0.0021372591814524562,5.114695474024241,treino
2406502,Lagoa Nova,RN,Municipal,161,35.6185845488925,93.97566876661645,0.0021309485821123936,5.116826422606354,treino
1504455,Medicilândia,PA,Municipal,292,48.42807483897352,98.18354372635616,0.002128002371421248,5.118954424977775,teste
3508603,Cachoeira Paulista,SP,Municipal,229,41.79726539789916,69.9639207283043,0.002119989405629609,5.121074414383405,teste
2922250,Muquém de São Francisco,BA,Municipal,118,22.033898305084747,99.10318731886456,0.0021184838445729324,5.123192898227978,validacao
2926103,Retirolândia,BA,Municipal,123,23.577235772357724,97.66858336345632,0.0021182467822385945,5.125311145010216,treino
2917706,Jaguarari,BA,Municipal,233,40.772532188841204,99.98631757626181,0.002113031410883172,5.1274241764210995,validacao
4209300,Lages,SC,Municipal,786,55.85086546420352,88.46499650770895,0.002110641348428385,5.129534817769528,treino
2933505,Wenceslau Guimarães,BA,Municipal,154,31.16883116883117,99.92192363686786,0.002097812009018709,5.131632629778547,teste
1600808,Vitória do Jari,AP,Municipal,170,35.40255413659079,93.10945899760256,0.002091833296946719,5.133724463075494,teste
2705200,Messias,AL,Municipal,231,41.86723522899668,97.12530344810521,0.0020852055082033146,5.135809668583698,treino
2912905,Ibirataia,BA,Municipal,195,37.43589743589744,99.89096504681882,0.0020769031111301482,5.137886571694828,treino
2807600,Umbaúba,SE,Municipal,183,39.34657090550627,98.83682645889438,0.0020759534394187923,5.139962525134247,treino
2707305,Porto Calvo,AL,Municipal,298,45.97287660766586,97.33117911408819,0.0020741949110226784,5.14203672004527,treino
2804201,Monte Alegre de Sergipe,SE,Municipal,169,35.06818181818182,97.77578178036985,0.0020721144519765325,5.1441088344972465,treino
1506559,Santa Luzia do Pará,PA,Municipal,158,39.77686598128256,86.8064119398719,0.002069511033420839,5.146178345530667,teste
2903409,Belmonte,BA,Municipal,168,33.92857142857143,99.9443022215043,0.0020687007543620734,5.14824704628503,treino
4117602,Palmas,PR,Municipal,629,54.27930541052713,65.31199220142027,0.0020671973050377045,5.150314243590067,validacao
2103174,Centro Novo do Maranhão,MA,Municipal,178,36.865774297656216,80.58217813530922,0.0020641960958849934,5.152378439685952,teste
2612505,Santa Cruz do Capibaribe,PE,Municipal,1020,55.93850528100025,73.46619475227274,0.0020610517010823393,5.154439491387034,teste
2911600,Governador Mangabeira,BA,Municipal,141,29.078014184397162,99.22062962496963,0.0020604983975939994,5.156499989784628,treino
2919603,Macajuba,BA,Municipal,146,30.136986301369863,99.63251043581396,0.0020602613352596615,5.158560251119887,treino
2932200,Ubaitaba,BA,Municipal,151,31.125827814569536,99.93079933535518,0.002060024272925324,5.160620275392812,treino
2503704,Cajazeiras,PB,Municipal,435,50.91391937592066,71.74175700793687,0.0020535292390891483,5.162673804631901,treino
2915106,Itagi,BA,Municipal,119,23.529411764705884,99.42165617494096,0.0020520589784915866,5.164725863610393,treino
4312401,Montenegro,RS,Estadual,298,46.81395268664553,95.8820866563457,0.0020474578925156854,5.166773321502909,treino
5002100,Bela Vista,MS,Municipal,321,48.182657828968814,87.07401315625815,0.0020450836563660414,5.168818405159275,treino
5003488,Dois Irmãos do Buriti,MS,Municipal,204,39.87904163759014,72.66809959727574,0.002040397882265528,5.170858803041541,validacao
1720200,São Miguel do Tocantins,TO,Municipal,165,36.920282111562294,97.6560263313371,0.0020391552015089328,5.17289795824305,teste
2100832,Apicum-Açu,MA,Municipal,165,39.08715707696043,80.22243413713367,0.002032290350431189,5.174930248593482,treino
5007208,Rio Brilhante,MS,Municipal,569,52.76441703397074,80.7232000281987,0.0020186952996816077,5.176948943893163,teste
2404606,Ielmo Marinho,RN,Municipal,113,30.124527773891142,97.017466515939,0.0020179248470950104,5.178966868740258,treino
2103505,Colinas,MA,Municipal,392,49.903597460616034,52.279179340499816,0.0020157268051310324,5.180982595545389,validacao
2932002,Uauá,BA,Municipal,216,40.27777777777778,97.23634719887507,0.002009529995711453,5.182992125541101,validacao
4310207,Ijuí,RS,Estadual,291,46.91994655947257,89.97406114828645,0.0020062573197897927,5.184998382860891,treino
2706802,Piaçabuçu,AL,Municipal,226,42.381662936251345,97.92018073132763,0.0020038755849128382,5.187002258445804,treino
2921203,Miguel Calmon,BA,Municipal,184,36.95652173913044,99.56551400590105,0.002001564701277716,5.189003823147082,validacao
2704401,Major Isidoro,AL,Municipal,190,37.833028003140534,89.18020930435755,0.0019988598200429263,5.191002682967125,treino
2914406,Iraquara,BA,Municipal,269,44.237918215613384,97.3759488040939,0.0019975346415939802,5.193000217608719,treino
2926509,Ribeira do Amparo,BA,Municipal,162,33.95061728395062,99.93110205658667,0.0019931252821753036,5.1949933428908945,treino
3535804,Paranapanema,SP,Municipal,212,42.59453486244293,76.0602715907407,0.0019773924629585137,5.196970735353853,teste
4320909,Tapejara,RS,Municipal,289,46.23260238041913,78.6260319107693,0.001976415372617571,5.19894715072647,teste
2929255,São Gabriel,BA,Municipal,158,33.54430379746835,99.82974220893325,0.0019743499452957803,5.2009215006717655,treino
4216503,São Joaquim,SC,Municipal,215,43.27004134719601,85.49754549601185,0.001964151049547916,5.202885651721314,treino
2705705,Olho d'Água das Flores,AL,Municipal,276,45.45169166376003,92.45423350343181,0.0019639808387918603,5.204849632560105,treino
3522406,Itapeva,SP,Municipal,980,56.19582542047527,68.97771463786574,0.00195996444443837,5.206809597004543,treino
5107859,São Félix do Araguaia,MT,Municipal,136,33.363431151241535,77.00881219215022,0.001950783578639297,5.208760380583183,treino
4214805,Rio do Sul,SC,Municipal,295,50.82203634265935,59.830385336888206,0.001939894831498512,5.210700275414681,treino
1304005,Silves,AM,Municipal,166,38.7098445595855,95.9582809045659,0.0019390276574795039,5.2126393030721605,treino
2909109,Coribe,BA,Municipal,140,30.714285714285715,95.73880113866394,0.0019372733962054074,5.214576576468366,treino
5006606,Ponta Porã,MS,Estadual,164,39.20872432158255,77.53118592975571,0.001934089649055256,5.216510666117421,validacao
2920106,Mairi,BA,Municipal,111,23.423423423423422,99.23502562319015,0.0019196833709975711,5.218430349488418,treino
2923209,Oliveira dos Brejinhos,BA,Municipal,196,39.285714285714285,97.4452893397383,0.0019156533113138345,5.220346002799732,teste
2509057,Marcação,PB,Municipal,96,24.206243919695765,55.17983817216923,0.0019135164314321165,5.222259519231164,teste
3521804,Itaí,SP,Municipal,282,46.71236846360423,71.982759962217,0.0019132899371944072,5.224172809168358,treino
2413359,Serra do Mel,RN,Municipal,88,27.695509485311778,96.52862492088578,0.001907549098352175,5.22608035826671,treino
2708402,São José da Tapera,AL,Municipal,398,50.43509103807047,82.53685608324986,0.0018977835525514795,5.2279781418192615,treino
4310603,Itaqui,RS,Municipal,170,44.12718039287159,91.46108878965035,0.0018920055781506016,5.229870147397412,treino
2925600,Presidente Dutra,BA,Municipal,100,20.0,99.02031624966632,0.0018917574280126227,5.231761904825424,treino
2905305,Cafarnaum,BA,Municipal,135,30.37037037037037,99.80702364274921,0.0018900979916722605,5.233652002817096,treino
3518404,Guaratinguetá,SP,Municipal,904,55.83366899360827,55.2253788315811,0.0018855329949851354,5.235537535812081,validacao
1200427,Rodrigues Alves,AC,Municipal,143,38.90123848840902,89.41301592523543,0.0018810924677154501,5.237418628279796,treino
2925253,Ponto Novo,BA,Municipal,173,36.994219653179194,99.5043086734137,0.0018788138245577992,5.239297442104354,treino
2412609,São Paulo do Potengi,RN,Municipal,114,36.91251744997673,91.75566387350862,0.0018737444836003272,5.241171186587954,teste
2208403,Piripiri,PI,Municipal,728,54.598179523668875,74.38104202412055,0.0018723723668091817,5.243043558954763,treino
4320008,Sapucaia do Sul,RS,Estadual,264,47.284868142267314,97.38463757233532,0.0018720984592369581,5.2449156574139995,treino
2923803,Paripiranga,BA,Municipal,196,39.795918367346935,93.13881304991881,0.0018682408444463503,5.246783898258446,teste
1600204,Calçoene,AP,Municipal,154,39.21506734006734,90.95808845165193,0.0018641595792983974,5.248648057837745,teste
2204659,Ilha Grande,PI,Municipal,148,34.83196511031298,72.3488225896137,0.0018531674729798404,5.250501225310725,validacao
2108504,Pindaré-Mirim,MA,Municipal,399,51.09426275885481,67.54037001163329,0.00184473137275011,5.252345956683475,teste
2903805,Boa Vista do Tupim,BA,Municipal,140,32.142857142857146,99.33954008289385,0.001842448462470439,5.254188405145945,treino
2904050,Bonito,BA,Municipal,150,34.0,99.51161879024929,0.001841974337801764,5.2560303794837475,validacao
4321303,Taquari,RS,Municipal,60,13.184502682372297,95.37900342862157,0.0018383644796493674,5.257868743963397,teste
1200344,Manoel Urbano,AC,Municipal,189,42.4808644754615,87.78402767281351,0.0018342887769225436,5.25970303274032,validacao
2800209,Aquidabã,SE,Municipal,86,20.524061990212072,98.31188295808356,0.001831065677424893,5.261534098417744,validacao
2904704,Buerarema,BA,Municipal,126,29.365079365079364,98.46250169962909,0.0018241472502595903,5.263358245668004,validacao
2208502,Porto,PI,Municipal,155,36.03972687771571,76.22018134990988,0.001822483072672541,5.265180728740677,treino
2804003,Maruim,SE,Municipal,122,31.218747667736395,96.56549480743611,0.00182206157584209,5.267002790316519,teste
2703601,Japaratinga,AL,Municipal,98,27.705990938076862,95.09255318337571,0.0018191604069944676,5.268821950723513,treino
4313953,Pantano Grande,RS,Municipal,92,25.64636033193589,77.95926270521578,0.0018189355106754223,5.2706408862341885,treino
2402600,Ceará-Mirim,RN,Estadual,142,41.968209443665266,93.43152132751653,0.0018185573204159142,5.272459443554604,validacao
2929057,São Félix do Coribe,BA,Municipal,164,36.58536585365854,92.07035247974736,0.0018128630831451282,5.27427230663775,treino
1301308,Codajás,AM,Municipal,172,40.588502957682394,97.06778743698835,0.0018109765410884713,5.2760832831788385,treino
1506351,Santa Bárbara do Pará,PA,Municipal,256,46.35256180580437,98.4623514657972,0.0017927080434797613,5.277875991222318,treino
3510302,Capela do Alto,SP,Municipal,284,47.64044063862538,77.03046551069782,0.0017902683241182993,5.2796662595464365,teste
2927507,Santa Bárbara,BA,Municipal,133,31.57894736842105,99.98580631666009,0.0017858853894975304,5.281452144935934,treino
1300706,Boca do Acre,AM,Municipal,194,44.78924126856684,83.56305607885002,0.0017846479241122883,5.2832367928600465,treino
3140852,Matias Cardoso,MG,Municipal,112,31.093858098239682,68.53898068119699,0.001776730516270087,5.285013523376317,validacao
2110708,São Domingos do Maranhão,MA,Municipal,348,50.13347989949749,83.68895014494299,0.0017692398206296928,5.286782763196946,treino
2602001,Bodocó,PE,Municipal,289,47.32661889955387,79.3914114557937,0.001763844281900173,5.288546607478846,teste
2929503,São Sebastião do Passé,BA,Municipal,269,46.09665427509294,99.16227945934082,0.0017604723072565586,5.2903070797861025,treino
2930808,Souto Soares,BA,Municipal,132,31.818181818181817,98.24342445273776,0.001757485321843907,5.292064565107946,treino
4313060,Nova Hartz,RS,Municipal,228,45.25932326649092,86.33124213546989,0.001756201021461421,5.293820766129407,teste
2926301,Riachão do Jacuípe,BA,Municipal,172,38.372093023255815,98.70158394355951,0.0017555888231692075,5.295576354952576,validacao
2804904,Pacatuba,SE,Municipal,106,28.56779661016949,96.71203915814588,0.0017529337250246288,5.297329288677601,validacao
4310108,Igrejinha,RS,Municipal,334,49.59519889743956,83.34074634656598,0.0017491022296671924,5.299078390907269,validacao
2917300,Ituberá,BA,Municipal,120,29.166666666666668,99.13902292637106,0.00174857177807282,5.300826962685342,treino
2912400,Ibipeba,BA,Municipal,160,36.875,99.99096504681881,0.001746675279398121,5.30257363796474,treino
2203909,Floriano,PI,Municipal,526,53.37157470386616,78.07960801251681,0.0017429254273935723,5.304316563392134,validacao
2401107,Areia Branca,RN,Municipal,141,39.94787990661817,92.93097741172669,0.0017423991490113423,5.306058962541146,treino
5007406,Rio Verde de Mato Grosso,MS,Municipal,288,49.107037604621006,69.16232152557394,0.0017363716020984792,5.307795334143244,treino
5107008,Poxoréo,MT,Municipal,228,46.03937902309731,70.94333613873904,0.0017355760209044422,5.309530910164149,treino
1504000,Limoeiro do Ajuru,PA,Municipal,256,47.822069693769805,98.21889831349483,0.0017353418033181167,5.311266251967467,validacao
2412500,São Miguel,RN,Municipal,217,44.852820259825684,96.84667448307694,0.0017353323208247435,5.313001584288292,treino
4313508,Osório,RS,Estadual,136,37.29082785243793,87.38472461099214,0.0017347831576253283,5.314736367445918,teste
2903235,Barro Alto,BA,Municipal,121,29.75206611570248,99.42485855092458,0.001729559378858959,5.316465926824777,validacao
2930303,Serra Dourada,BA,Municipal,136,33.088235294117645,99.7868672585003,0.0017288481918559466,5.318194775016633,validacao
2923357,Ourolândia,BA,Municipal,141,34.04255319148936,99.35572836697192,0.0017286111295216095,5.319923386146155,treino
2923407,Palmas de Monte Alto,BA,Municipal,151,35.76158940397351,93.06545484687896,0.0017281370048529343,5.321651523151008,treino
2907806,Cícero Dantas,BA,Municipal,156,36.53846153846154,99.85829548630402,0.001727899942518597,5.3233794230935265,validacao
2912103,Ibicaraí,BA,Municipal,166,37.95180722891566,96.7753115511338,0.001727425817849922,5.325106848911377,treino
4302808,Caçapava do Sul,RS,Municipal,183,44.024698526259314,93.8929666537918,0.0017229694408533323,5.32682981835223,treino
2921401,Mirangaba,BA,Municipal,119,29.41176470588235,98.48619392476473,0.0017201717104191965,5.3285499900626485,treino
2806404,Santana do São Francisco,SE,Municipal,89,22.21296970958676,96.31445073405902,0.0017166124565314554,5.33026660251918,treino
1505106,Óbidos,PA,Municipal,538,53.96544375594243,94.42757864982264,0.0017164251772873282,5.3319830276964675,teste
2409902,Pendências,RN,Municipal,115,33.296533451092955,96.68466911498905,0.001713777191012779,5.33369680488748,treino
2403103,Currais Novos,RN,Municipal,230,46.76996944565692,96.77539301398991,0.0017114516095129283,5.335408256496993,treino
4311007,Jaguarão,RS,Municipal,112,33.6096907998939,94.0163353575907,0.0017076891457210744,5.337115945642714,treino
2800704,Brejo Grande,SE,Municipal,139,34.59318693693693,91.67160537141714,0.0017047588656899154,5.338820704508404,treino
2504306,Catolé do Rocha,PB,Municipal,221,45.82043343653251,76.10796198526238,0.0017033796370287393,5.340524084145432,treino
1100809,Candeias do Jamari,RO,Municipal,366,51.62516412890742,72.75638278981485,0.001703145419442413,5.342227229564875,validacao
2701704,Capela,AL,Municipal,201,42.548564801391706,89.08888087702903,0.00170244229255877,5.343929671857434,teste
4322509,Vacaria,RS,Estadual,255,47.4044846339076,76.00752652244326,0.001700312019040101,5.345629983876474,teste
1301159,Careiro da Várzea,AM,Municipal,94,27.35780483372706,99.5418813800807,0.0016981220685778045,5.347328105945052,validacao
2702603,Feira Grande,AL,Municipal,223,44.46360814073818,89.99127649157315,0.0016973701068532868,5.349025476051906,treino
4317103,Sant'Ana do Livramento,RS,Municipal,184,44.9737280800897,94.13881418327347,0.001695628526536542,5.350721104578442,treino
1703842,Campos Lindos,TO,Municipal,148,38.513998564249825,93.55375474665544,0.0016949406920509966,5.352416045270493,validacao
4207304,Imbituba,SC,Estadual,201,48.65094606932595,76.56712608650655,0.0016940649837879538,5.354110110254281,treino
5103353,Confresa,MT,Municipal,583,54.24908076581716,75.52923907878115,0.001690493402658826,5.35580060365694,teste
2511400,Picuí,PB,Municipal,191,42.84478616049976,71.06490908550245,0.0016827585328140651,5.357483362189754,treino
2702553,Estrela de Alagoas,AL,Municipal,137,36.12639205688984,93.79233394147882,0.0016801527436350282,5.359163514933389,treino
2512903,Rio Tinto,PB,Estadual,68,16.6747987313979,84.31298966676295,0.00168010912416551,5.360843624057554,treino
1714880,Nova Olinda,TO,Municipal,164,40.68819308545336,92.0907601532623,0.001675653300529304,5.362519277358083,validacao
2408953,Rio do Fogo,RN,Municipal,88,31.571313456889605,98.86818577822469,0.0016668279439465902,5.364186105302029,teste
1709005,Goiatins,TO,Municipal,127,38.47327312667806,95.34067610429476,0.0016648470510808669,5.36585095235311,validacao
1720903,Taguatinga,TO,Municipal,173,42.44743774541478,86.66769088863447,0.0016647849407492696,5.36751573729386,teste
2800407,Arauá,SE,Municipal,108,28.604609612292304,97.95101100374883,0.001660956384049721,5.369176693677909,teste
2211308,Valença do Piauí,PI,Municipal,184,42.12640463720953,63.87661650887495,0.0016573184254669792,5.370834012103376,treino
1303809,São Gabriel da Cachoeira,AM,Estadual,349,50.68282871056532,71.98254476828949,0.001651194157121707,5.372485206260498,treino
2604601,Condado,PE,Municipal,203,43.24686512874509,79.4699869375918,0.0016497196294021272,5.3741349258899,validacao
1702208,Araguatins,TO,Municipal,312,50.48522634860396,95.56303574976407,0.0016466871280212817,5.375781613017921,teste
2408201,Nísia Floresta,RN,Municipal,272,49.77987696434298,99.47553355101122,0.0016457346115619149,5.3774273476294825,teste
2910404,Encruzilhada,BA,Municipal,153,37.254901960784316,99.56674910954234,0.0016426997395577272,5.37907004736904,treino
4316402,Rosário do Sul,RS,Municipal,103,34.04662611940299,93.86928476859843,0.0016425347915854953,5.380712582160625,treino
2922052,Mulungu do Morro,BA,Municipal,111,28.82882882882883,98.97957525004912,0.0016352085697926655,5.382347790730418,treino
3303708,Paraíba do Sul,RJ,Municipal,349,51.97144173192078,86.36768060168252,0.0016322121018866407,5.383980002832305,treino
2705804,Olho d'Água do Casado,AL,Municipal,139,36.2045203969129,93.55191543374175,0.0016303668086761576,5.385610369640982,validacao
1717909,Ponte Alta do Tocantins,TO,Municipal,99,30.997644683714668,81.74052034854338,0.0016290506385959165,5.3872394202795775,treino
2901353,Andorinha,BA,Municipal,109,28.440366972477065,99.8481095253116,0.0016258209013529032,5.38886524118093,treino
2901403,Angical,BA,Municipal,109,28.440366972477065,98.85941732192708,0.0016258209013529032,5.390491062082283,treino
4218301,Três Barras,SC,Municipal,198,47.97881237803178,79.62777106807137,0.0016219349755684437,5.392112997057851,treino
2805802,Riachão do Dantas,SE,Municipal,125,34.63873260290198,95.87683494268691,0.0016178518139218165,5.3937308488717735,treino
2805505,Poço Verde,SE,Municipal,153,40.53071197227115,98.635910914203,0.0016161966447034723,5.395347045516477,teste
1504752,Mojuí dos Campos,PA,Municipal,178,43.75207316495285,86.16526641251038,0.0016156732110692558,5.396962718727546,treino
2902500,Baianópolis,BA,Municipal,142,35.91549295774648,96.93311554870961,0.0016147737965727792,5.398577492524119,teste
2915353,Itaguaçu da Bahia,BA,Municipal,125,32.8,99.04058240715945,0.0016060973151360298,5.400183589839255,treino
3505609,Barrinha,SP,Municipal,356,51.43322998355862,69.94023934666407,0.0016057218159322801,5.401789311655187,treino
2701803,Carneiros,AL,Municipal,157,38.852632233202804,80.13569716999346,0.0016055335809049762,5.403394845236092,treino
2410108,Poço Branco,RN,Municipal,65,25.349811050965172,99.28202003504958,0.0016038731963152761,5.404998718432408,treino
1703008,Babaçulândia,TO,Municipal,68,19.19508374502952,87.19783878628996,0.0016016410173751551,5.406600359449783,validacao
1200435,Santa Rosa do Purus,AC,Municipal,58,15.616797900262467,87.87659722777431,0.0015998767994830159,5.408200236249266,validacao
2902807,Barra da Estiva,BA,Municipal,265,47.16981132075472,95.67632203077982,0.0015994595697745814,5.409799695819041,teste
4301636,Balneário Pinhal,RS,Municipal,163,43.63944627054777,88.11288527861745,0.0015958726289548421,5.411395568447996,treino
4319505,São Sebastião do Caí,RS,Municipal,128,37.05342484238467,88.69902552007476,0.0015923223709947733,5.41298789081899,teste
2802908,Itabaiana,SE,Estadual,124,35.60968537045092,99.08805473723545,0.00158860495960994,5.414576495778601,treino
2920908,Mascote,BA,Municipal,101,26.73267326732673,99.93233409443786,0.0015882702275938556,5.416164766006195,treino
1502855,Curuá,PA,Municipal,172,42.46511143511768,96.92728823257025,0.0015874623191584347,5.417752228325353,validacao
2922102,Mundo Novo,BA,Municipal,126,33.333333333333336,99.485124884758,0.001587084915922169,5.4193393132412755,treino
2903508,Belo Campo,BA,Municipal,124,33.064516129032256,99.61138758865388,0.0015776972474824066,5.420917010488758,treino
4318903,São Luiz Gonzaga,RS,Municipal,169,42.30654758796384,75.35211576208035,0.0015682000724165735,5.422485210561174,treino
2925907,Quijingue,BA,Municipal,132,34.84848484848485,99.98540949126325,0.00156783545437397,5.424053046015548,validacao
2401453,Baraúna,RN,Municipal,183,44.476092641016066,99.49211026009931,0.0015661210195720412,5.425619167035119,teste
4215455,Sangão,SC,Estadual,97,38.54139631456008,74.42340327391506,0.0015607178948478235,5.427179884929967,treino
2513901,São Bento,PB,Municipal,221,46.859999206569604,75.53878641155384,0.0015584444670615266,5.428738329397029,treino
1505437,Ourilândia do Norte,PA,Municipal,425,53.125064652942996,92.57932073861286,0.0015525994581461035,5.430290928855175,teste
2902203,Aramari,BA,Municipal,78,17.94871794871795,99.71937112563742,0.0015514307408378207,5.431842359596013,treino
5008008,Terenos,MS,Municipal,250,47.07980558168705,53.48238855948878,0.001550713864338784,5.433393073460352,treino
2917607,Jaguaquara,BA,Municipal,527,53.700189753320686,99.05481229868333,0.0015491075299613139,5.434942180990314,teste
2912806,Ibirapuã,BA,Municipal,148,37.83783783783784,77.91000468516151,0.0015481118681570968,5.436490292858471,teste
2801405,Carira,SE,Municipal,123,34.53991087483387,97.33812153415676,0.0015379698673694728,5.43802826272584,validacao
2917334,Iuiú,BA,Municipal,94,25.53191489361702,94.17557426703152,0.001531707154620947,5.439559969880461,treino
2917102,Itororó,BA,Municipal,104,28.846153846153847,98.35049127952117,0.0015312330299522721,5.441091202910414,treino
3511003,Castilho,SP,Municipal,209,45.423460982442556,73.17032521728186,0.001530601589779764,5.4426218045001935,treino
2904852,Cabaceiras do Paraguaçu,BA,Municipal,119,32.773109243697476,99.9811450570492,0.0015305218429492594,5.444152326343143,teste
2411502,Santo Antônio,RN,Municipal,76,23.552601937373282,85.03095023118928,0.0015299633240895612,5.445682289667232,treino
2803906,Malhador,SE,Municipal,128,36.74144377336784,98.76573322237626,0.0015271043523374516,5.44720939401957,treino
5107354,São José do Xingu,MT,Municipal,109,35.24671936152252,59.37511869320906,0.0015231582127200709,5.44873255223229,treino
2929800,Saúde,BA,Municipal,82,20.73170731707317,99.72257938070665,0.0015227936108498596,5.450255345843139,teste
2933059,Várzea da Roça,BA,Municipal,82,20.73170731707317,99.94243252872506,0.0015227936108498596,5.451778139453989,treino
2902401,Aurelino Leal,BA,Municipal,122,33.60655737704918,95.56512346281136,0.0015208971121751607,5.453299036566164,validacao
2901155,América Dourada,BA,Municipal,192,43.229166666666664,99.87223698007969,0.0015175782394944365,5.454816614805658,teste
2903953,Bom Jesus da Serra,BA,Municipal,90,24.444444444444443,98.13655095006213,0.001512931817741423,5.456329546623399,teste
2913101,Ibititá,BA,Municipal,100,28.0,99.35230711414712,0.0015124576930727483,5.457842004316472,validacao
2901205,Anagé,BA,Municipal,115,32.17391304347826,97.53219653740975,0.0015117465060697358,5.459353750822542,treino
2608008,Jataúba,PE,Municipal,131,37.163029525032094,68.36030748568182,0.0015115938379264224,5.460865344660468,treino
1502954,Eldorado do Carajás,PA,Municipal,292,50.58603454827112,93.34909276529264,0.0015108395055785612,5.462376184166047,treino
1713601,Monte do Carmo,TO,Municipal,64,19.727203839353376,71.81449926834229,0.001508134624343771,5.463884318790391,treino
4207106,Ilhota,SC,Municipal,161,47.16064257028113,70.05337160984809,0.0015039708615034676,5.465388289651894,treino
2412559,São Miguel do Gostoso,RN,Municipal,81,30.543468197389128,98.11731983821508,0.0015033540253095229,5.4668916436772035,teste
1703073,Barra do Ouro,TO,Municipal,72,18.25,92.85679832214808,0.0015007942262233473,5.468392437903427,treino
1504406,Marapanim,PA,Municipal,189,45.42037223801229,97.642769026776,0.0014975635407309962,5.469890001444158,validacao
1507904,Soure,PA,Municipal,395,52.400914634146346,77.48072998155106,0.0014927416928505726,5.471382743137009,treino
2910859,Filadélfia,BA,Municipal,136,36.76470588235294,96.37667549502103,0.0014917858575185252,5.472874528994527,treino
2805109,Pedrinhas,SE,Municipal,62,11.519532451553369,96.71526557819328,0.0014914530220011153,5.474365982016528,teste
2508307,Lagoa Seca,PB,Municipal,210,46.69801419035224,54.09855478759616,0.0014909234247462047,5.475856905441274,treino
1304401,Urucurituba,AM,Municipal,218,46.43178989829636,94.69197361331197,0.0014880388502619877,5.477344944291536,teste
2903300,Barro Preto,BA,Municipal,89,24.719101123595507,90.04440515244939,0.0014845317500878001,5.478829476041624,treino
2505238,Cuité de Mamanguape,PB,Municipal,65,22.190097578604988,83.80789671059796,0.0014841519762281916,5.480313628017853,validacao
2923902,Pau Brasil,BA,Municipal,124,34.67741935483871,96.54326486279948,0.001482872313747438,5.4817965003316,teste
2206654,Morro Cabeça no Tempo,PI,Municipal,72,19.387887433536505,75.12844419265187,0.001481112837101986,5.483277613168703,treino
4322707,Vera Cruz,RS,Municipal,164,41.84890259173284,84.55904484195355,0.0014806154082670788,5.48475822857697,validacao
2506400,Gurinhém,PB,Municipal,87,27.024462252214256,82.57644350087006,0.001478280890455991,5.486236509467426,treino
2508604,Lucena,PB,Municipal,176,44.99593554248553,79.5549621432001,0.0014777930161719245,5.487714302483599,treino
3540754,Potim,SP,Municipal,197,46.58374988294284,89.55145459288445,0.0014773736614699148,5.489191676145069,validacao
3555000,Tupã,SP,Municipal,332,51.22922614914081,63.74871266614382,0.0014758589809523797,5.490667535126021,teste
3524105,Ituverava,SP,Municipal,285,49.94125762809216,68.9772107479143,0.001473165850546652,5.4921407009765675,teste
1600154,Pedra Branca do Amapari,AP,Municipal,184,44.22397253357568,68.49469367675667,0.0014720594265536398,5.4936127604031215,treino
4208450,Itapoá,SC,Municipal,233,53.370952743258094,87.83512040593737,0.0014647057529424932,5.495077466156064,treino
2907004,Cardeal da Silva,BA,Municipal,115,33.04347826086956,98.40257153852707,0.0014643340392022515,5.496541800195266,treino
2932804,Utinga,BA,Municipal,115,33.04347826086956,99.87518461375065,0.0014643340392022515,5.498006134234468,treino
4316808,Santa Cruz do Sul,RS,Estadual,479,54.12135205760398,87.05932115710783,0.0014603131575859204,5.499466447392054,validacao
3505807,Bastos,SP,Municipal,221,46.88673958418626,60.39221088274456,0.001456098240496349,5.500922545632551,treino
2913507,Iguaí,BA,Municipal,108,31.48148148148148,94.42683298826698,0.0014551834330968271,5.502377729065648,treino
1707702,Filadélfia,TO,Municipal,55,12.633040259139287,92.43194702749769,0.0014528682823396883,5.503830597347988,treino
2903003,Barra do Mendes,BA,Municipal,111,32.432432432432435,97.46685539911662,0.0014455587023227284,5.505276156050311,treino
4313904,Panambi,RS,Municipal,323,51.24037115233007,80.04996899861469,0.001445221765650641,5.506721377815961,teste
2917201,Ituaçu,BA,Municipal,191,43.97905759162304,93.74786377187104,0.0014417657049733289,5.508163143520934,treino
1300839,Caapiranga,AM,Municipal,71,21.714936132540792,97.97617174556702,0.0014315212932572714,5.509594664814192,validacao
2802205,Feira Nova,SE,Municipal,86,25.99415861604134,96.2748117957342,0.0014310495392119403,5.511025714353404,treino
2404507,Guamaré,RN,Municipal,138,43.14923880431159,92.58856443048847,0.001429391999370254,5.512455106352775,treino
2901601,Antas,BA,Municipal,82,23.170731707317074,99.49060316822946,0.001427968677114891,5.51388307502989,treino
2925709,Presidente Jânio Quadros,BA,Municipal,107,31.77570093457944,97.63940469566445,0.0014267833654432044,5.515309858395333,teste
2413904,Taipu,RN,Municipal,63,17.688513037350248,98.15593784856425,0.0014199583408376298,5.51672981673617,teste
2931707,Terra Nova,BA,Municipal,95,28.42105263157895,99.1000449163095,0.0014178698216721173,5.5181476865578425,validacao
2928059,Santa Luzia,BA,Municipal,95,28.42105263157895,99.82457934918313,0.0014178698216721173,5.519565556379515,treino
2915205,Itagibá,BA,Municipal,190,44.21052631578947,99.24277364150693,0.0014133656373197063,5.520978922016835,validacao
3503802,Artur Nogueira,SP,Municipal,505,54.40760482243726,83.44013146559926,0.0014088072836407263,5.522387729300475,validacao
1501600,Bonito,PA,Municipal,86,32.18025430067315,94.76420834169555,0.0014057341266527153,5.523793463427128,treino
2603454,Camaragibe,PE,Municipal,1192,57.56788665879575,65.163890278677,0.0014048076870501257,5.525198271114179,treino
1709302,Guaraí,TO,Municipal,209,48.136806522171405,94.11222784429346,0.0014023920218632266,5.526600663136042,treino
4306601,Dom Pedrito,RS,Municipal,132,43.650193400493016,93.21629179380105,0.001402207029730125,5.528002870165772,treino
1302009,Itapiranga,AM,Estadual,62,29.270833333333332,85.73530380845713,0.0013941161757715075,5.529396986341544,treino
1507409,São Francisco do Pará,PA,Municipal,103,37.43691695977978,94.5174508238805,0.0013928464699087964,5.530789832811452,teste
4218251,Timbó Grande,SC,Municipal,81,38.60984271943176,61.62014949118295,0.001392695224139489,5.532182528035592,validacao
2921104,Medeiros Neto,BA,Municipal,226,46.902654867256636,97.29141122335805,0.001392693801765483,5.533575221837357,treino
4317301,Santa Vitória do Palmar,RS,Municipal,167,45.60521927923214,90.8737045066254,0.0013887730349107813,5.534963994872268,validacao
2208007,Picos,PI,Municipal,528,54.92337262506165,79.64132275114063,0.0013871982227308722,5.536351193094999,validacao
4304705,Carazinho,RS,Estadual,281,50.842150241942015,85.13899286859133,0.001387139664436986,5.537738332759436,teste
2103802,Dom Pedro,MA,Municipal,170,43.93492739382028,78.48326748488867,0.0013865690592955412,5.539124901818732,treino
2920502,Maracás,BA,Municipal,179,43.57541899441341,93.86549203972123,0.0013854396943347575,5.540510341513067,teste
4206652,Guatambú,SC,Municipal,109,38.70499419279907,69.27561888711622,0.0013843605865888537,5.541894702099656,treino
2204402,Gilbués,PI,Municipal,136,39.23611111111111,73.84483447732755,0.0013825892568266845,5.543277291356483,treino
2705101,Matriz de Camaragibe,AL,Municipal,256,48.75143623132899,97.89008963952524,0.0013801247567989125,5.544657416113282,treino
2501005,Araruna,PB,Municipal,133,40.50717384050718,74.2751159689557,0.0013778133990391232,5.546035229512321,treino
2407500,Maxaranguape,RN,Municipal,98,35.10511023756623,96.28949912969928,0.0013756717779107189,5.547410901290232,treino
2920809,Marcionílio Souza,BA,Municipal,70,18.571428571428573,99.39444947748261,0.00137164266647632,5.548782543956708,treino
1708205,Formoso do Araguaia,TO,Municipal,176,45.409006662325304,83.13461732830709,0.0013715653841553255,5.5501541093408635,treino
4306106,Cruz Alta,RS,Municipal,264,50.90640471087272,91.49860602109918,0.0013687714223343094,5.551522880763198,treino
3510500,Caraguatatuba,SP,Municipal,1504,58.194230264808596,80.61370666172738,0.0013667832881103625,5.552889664051309,treino
1718758,Rio Sono,TO,Municipal,71,26.801517067003797,77.47238624524984,0.0013654311591920106,5.5542550952105,treino
2201507,Batalha,PI,Municipal,208,46.974816416632876,67.38223310264821,0.0013602650968021295,5.555615360307303,teste
2110278,Santo Amaro do Maranhão,MA,Municipal,124,39.84047019311503,86.70600562281203,0.001359271805621256,5.556974632112924,treino
2932606,Urandi,BA,Municipal,148,40.54054054054054,71.91678594047713,0.0013584620006871597,5.558333094113611,teste
2110658,São Domingos do Azeitão,MA,Municipal,116,36.82683005482102,76.17042344276446,0.0013569429052487252,5.55969003701886,treino
2806107,Rosário do Catete,SE,Municipal,128,39.026348441719584,94.16621990546638,0.0013559486658185145,5.561045985684678,treino
2902252,Arataca,BA,Municipal,61,13.114754098360656,96.22972581645159,0.0013531043919311338,5.562399090076609,validacao
1507458,São Geraldo do Araguaia,PA,Municipal,315,52.054228321071335,96.84574083001056,0.0013499794362398984,5.563749069512849,validacao
2803401,Japoatã,SE,Municipal,137,39.28312816799421,99.58955222497723,0.0013499230154043252,5.565098992528253,treino
2927309,Salinas da Margarida,BA,Municipal,201,45.77114427860697,97.30074072137654,0.001346466646569686,5.566445459174823,validacao
2806206,Salgado,SE,Municipal,175,44.896015240514366,99.30870961688433,0.0013442870954677873,5.567789746270291,treino
2414001,Tangará,RN,Municipal,95,36.84938191281718,97.75673800101008,0.0013438134449237809,5.569133559715215,treino
4318309,São Gabriel,RS,Estadual,176,46.553026197952406,89.22152675099545,0.0013415634588235775,5.570475123174039,validacao
2916500,Itapicuru,BA,Municipal,326,51.22699386503067,99.53059704074118,0.0013405400882112505,5.57181566326225,treino
2112456,Turilândia,MA,Municipal,241,49.6739366712557,67.00046528569104,0.0013382633415522734,5.573153926603803,validacao
2611309,Pombos,PE,Municipal,133,40.45091009376724,77.0023908758435,0.0013374563813661887,5.574491382985169,treino
2401859,Caiçara do Norte,RN,Municipal,65,26.446084265651038,94.7890320276468,0.0013326686704619106,5.575824051655631,treino
3506607,Biritiba-Mirim,SP,Municipal,302,52.19080203132517,87.16963961838958,0.001326808902936906,5.577150860558568,treino
2700607,Barra de São Miguel,AL,Municipal,122,39.03440041787927,93.29565873008956,0.0013257469244239261,5.578476607482992,treino
2915304,Itagimirim,BA,Municipal,80,25.0,97.03100758026267,0.001323756074940161,5.579800363557932,treino
2921609,Morpará,BA,Municipal,90,28.88888888888889,97.39736111774636,0.001323281950271486,5.581123645508203,treino
2904100,Boquira,BA,Municipal,100,32.0,99.48226241103565,0.0013228078256028112,5.582446453333806,treino
2705606,Novo Lino,AL,Municipal,138,39.847405168070246,96.70864714052983,0.0013208672333339252,5.58376732056714,treino
1715705,Palmeirante,TO,Municipal,81,31.28929197155519,85.79732862165976,0.001316216070334225,5.585083536637474,treino
2929370,São José do Jacuípe,BA,Municipal,88,28.40909090909091,99.13339912635774,0.001313894281831724,5.586397430919305,treino
1504307,Maracanã,PA,Municipal,197,47.514233200340705,71.99935479925172,0.0013099557282090415,5.587707386647515,treino
2932101,Ubaíra,BA,Municipal,131,38.93129770992366,95.83812623123828,0.0013023730523829254,5.5890097596998976,teste
2501906,Belém,PB,Municipal,99,34.72120322817315,69.46103264460528,0.0013017073813481061,5.5903114670812455,teste
2901809,Antônio Gonçalves,BA,Municipal,79,25.31645569620253,99.70307747402956,0.0012953560072865378,5.591606823088532,treino
1502764,Cumaru do Norte,PA,Municipal,155,45.190699681717646,91.65405807696145,0.001292778191462953,5.592899601279995,treino
4306908,Encruzilhada do Sul,RS,Municipal,101,39.44292560525288,79.66289505790428,0.0012899940726597066,5.594189595352654,treino
2911204,Gandu,BA,Municipal,214,47.19626168224299,99.6077287511329,0.001288955324259428,5.595478550676914,treino
2902658,Banzaê,BA,Estadual,52,7.6923076923076925,98.84101936525703,0.0012871536505184632,5.596765704327432,treino
2205706,Luís Correia,PI,Municipal,305,51.61092359619516,58.72509850474301,0.001280805121204905,5.598046509448637,treino
1303502,Pauini,AM,Municipal,207,48.41737053152462,90.06019049465989,0.001276228869902857,5.5993227383185395,validacao
4307807,Estrela,RS,Municipal,211,49.434955503857815,90.2618466064661,0.0012751660844154693,5.600597904402955,treino
2103604,Coroatá,MA,Municipal,553,55.72031588293017,79.29903568639895,0.001272265661797403,5.601870170064752,validacao
1303957,São Sebastião do Uatumã,AM,Municipal,81,29.453222689553257,86.44212638646859,0.0012698969349527048,5.603140066999705,treino
2907608,Central,BA,Municipal,78,25.641025641025642,99.80295569800153,0.001266955939632915,5.604407022939338,treino
2932408,Uibaí,BA,Municipal,83,27.710843373493976,99.81079880017606,0.0012667188772985773,5.605673741816636,treino
2906105,Canápolis,BA,Municipal,88,29.545454545454547,96.7718498365656,0.0012664818149642398,5.6069402236316,treino
3556701,Vinhedo,SP,Municipal,660,56.12091148479745,61.42587244906552,0.001264981919626234,5.608205205551227,treino
2924801,Piritiba,BA,Municipal,138,40.57971014492754,98.69075604459387,0.0012641111916208655,5.609469316742848,teste
1718865,Santa Fé do Araguaia,TO,Municipal,70,31.335266945966268,97.15025595533348,0.0012607406393512564,5.610730057382199,teste
2909208,Coronel João Sá,BA,Municipal,111,36.03603603603604,99.95327426537803,0.0012559088348527913,5.611985966217052,validacao
2929107,São Felipe,BA,Municipal,141,41.13475177304964,97.6657594894575,0.0012544864608467667,5.613240452677899,treino
5002704,Campo Grande,MS,Estadual,73,32.030344536929725,78.88309260220431,0.0012541114282338447,5.614494564106133,treino
2805901,Riachuelo,SE,Municipal,92,31.483870967741936,92.25872052317501,0.001252969261907007,5.61574753336804,treino
2709400,Viçosa,AL,Municipal,254,49.909125331313895,96.84678439369472,0.001251020609518753,5.616998553977559,treino
2106755,Miranda do Norte,MA,Municipal,270,50.542745654487405,60.19348954188452,0.0012506507922771866,5.618249204769836,validacao
5001904,Bataguassu,MS,Municipal,321,52.31610767237656,76.86472245122803,0.0012489700203267356,5.619498174790163,validacao
2915403,Itaju do Colônia,BA,Municipal,59,15.254237288135593,97.86115823110508,0.0012488917897564033,5.620747066579919,treino
2414803,Vera Cruz,RN,Municipal,132,43.54387926215763,84.01155288580082,0.0012486068408305293,5.6219956734207495,teste
2410900,Riachuelo,RN,Municipal,66,27.817073170731707,90.32500847148556,0.001247327178349776,5.623243000599099,treino
3506102,Bebedouro,SP,Municipal,567,55.75352126154863,69.44746049913033,0.0012464109437638818,5.6244894115428625,validacao
2202208,Campo Maior,PI,Municipal,448,54.475257389571574,67.37190436550955,0.0012390887881068811,5.625728500330969,treino
2708501,São Luís do Quitunde,AL,Municipal,398,53.633874531655295,96.93825287205843,0.0012369741920845926,5.626965474523054,teste
5005004,Jardim,MS,Municipal,360,53.84561762245562,87.67823575673582,0.0012353621682110985,5.628200836691265,treino
2405306,Boa Saúde,RN,Municipal,41,20.54856796484316,95.88464827403668,0.0012312074137395001,5.6294320441050045,treino
2705408,Monteirópolis,AL,Municipal,90,31.11111111111111,91.63249429015755,0.0012284570165365175,5.630660501121541,treino
2924504,Pindaí,BA,Municipal,120,38.333333333333336,52.43811202055608,0.001227034642530493,5.631887535764072,treino
3515152,Engenheiro Coelho,SP,Municipal,181,47.862877281730384,73.00359331987197,0.0012213187150422948,5.633108854479114,teste
2902005,Aracatu,BA,Municipal,83,28.91566265060241,97.44385222688517,0.001219306410431093,5.634328160889545,teste
2929701,Sátiro Dias,BA,Municipal,88,30.681818181818183,95.16640659725213,0.0012190693480967556,5.635547230237642,treino
1200252,Epitaciolândia,AC,Municipal,293,52.26562732438785,88.45411582791918,0.001216598684448292,5.63676382892209,treino
2922805,Nova Itarana,BA,Municipal,101,34.65346534653465,98.98705837150284,0.0012089704926539814,5.637972799414745,validacao
2909604,Crisópolis,BA,Municipal,151,43.04635761589404,97.60633130749756,0.0012065998693106073,5.639179399284055,treino
2805307,Pirambu,SE,Municipal,100,37.65653735003065,99.25256547497237,0.0012042676500653958,5.64038366693412,validacao
2502508,Boqueirão,PB,Municipal,95,37.62827822120867,89.14446719370552,0.001203896884574492,5.641587563818695,validacao
2102804,Carolina,MA,Municipal,252,50.96485668004788,74.83253578800006,0.0012030448825448834,5.64279060870124,treino
1303601,Santa Isabel do Rio Negro,AM,Estadual,61,37.70491803278689,91.97553563503153,0.0012003855172782855,5.643990994218519,treino
5102603,Campinápolis,MT,Municipal,131,44.150165531888305,82.47869855466121,0.0011954536724747312,5.645186447890993,treino
2409407,Pau dos Ferros,RN,Municipal,100,38.918513581069824,95.8466723350231,0.0011939397924076512,5.646380387683401,teste
2929354,São José da Vitória,BA,Municipal,77,27.272727272727273,99.18022246625486,0.0011911434051118074,5.647571531088513,treino
1710706,Itaguatins,TO,Municipal,49,18.095396931287524,89.50567059833521,0.0011884427909990356,5.648759973879512,teste
1301001,Carauari,AM,Municipal,201,49.197130167406904,97.84966215926826,0.0011882436586381922,5.64994821753815,validacao
2800506,Areia Branca,SE,Municipal,147,44.82156827345489,99.67198703683124,0.0011879587097123187,5.651136176247863,validacao
4315503,Restinga Seca,RS,Municipal,69,33.016571470896466,90.8984057764327,0.0011853869930095063,5.652321563240872,treino
2410405,Pureza,RN,Municipal,82,36.19246861924686,97.92893441116944,0.0011820326254785517,5.653503595866351,validacao
2907707,Chorrochó,BA,Municipal,105,36.19047619047619,97.58352000469263,0.001180333362666021,5.654683929229017,treino
2902054,Araças,BA,Municipal,115,38.26086956521739,99.95817835525723,0.0011798592379973457,5.655863788467014,treino
2109502,Riachão,MA,Municipal,283,51.85101214574899,87.44339722195181,0.0011782590672405682,5.657042047534255,treino
2703205,Igreja Nova,AL,Municipal,249,50.73437154033507,88.39271236470285,0.0011775843878370454,5.658219631922092,treino
1504950,Nova Esperança do Piriá,PA,Municipal,218,50.01799352233196,98.8546530487596,0.0011717474390409881,5.659391379361133,treino
3511607,Cesário Lange,SP,Municipal,264,51.31968635416667,50.63104149897416,0.0011716238489636048,5.660563003210097,teste
2102606,Cândido Mendes,MA,Municipal,231,49.54445756706597,60.74821418629923,0.0011640196810662566,5.661727022891163,treino
2928505,Santa Teresinha,BA,Municipal,76,27.63157894736842,99.13342577674277,0.0011627433374581844,5.662889766228621,treino
3139300,Manga,MG,Municipal,110,41.05384615384615,72.16116553664376,0.0011616054382533642,5.664051371666874,treino
4319000,São Marcos,RS,Municipal,99,38.26607016614414,69.46742139459245,0.0011590613354626109,5.665210433002336,treino
1503507,Irituia,PA,Municipal,198,49.62807312460601,96.19734489281275,0.0011588578857983937,5.6663692908881345,teste
2409308,Patu,RN,Municipal,75,32.75133451957295,96.79108973477662,0.0011574369341663755,5.667526727822301,treino
2613800,São Vicente Ferrer,PE,Municipal,136,42.62027917522851,79.24928899432632,0.001156241665876646,5.668682969488177,treino
1200450,Senador Guiomard,AC,Municipal,115,43.68627973612315,87.09253999032926,0.001153636824946946,5.669836606313124,validacao
2400109,Acari,RN,Municipal,93,38.19382473674817,82.64600981110544,0.0011532579993366759,5.670989864312461,treino
2925204,Pojuca,BA,Municipal,291,51.54639175257732,78.7289930063872,0.0011525496570816752,5.672142413969543,validacao
2900355,Adustina,BA,Municipal,139,42.44604316546763,95.2690031164441,0.0011502738586720359,5.673292687828215,teste
4202073,Balneário Gaivota,SC,Municipal,154,49.204515154208515,70.43506477070576,0.0011410748918504068,5.674433762720065,treino
4320107,Sarandi,RS,Municipal,160,47.72224850248195,88.1025332002092,0.001137433148908867,5.675571195868974,treino
4318200,São Francisco de Paula,RS,Municipal,100,37.708973831212006,86.27845123035179,0.001136301795369657,5.676707497664344,validacao
2203354,Dirceu Arcoverde,PI,Municipal,44,11.964785914365747,60.21172535047261,0.0011359088294605256,5.677843406493804,teste
2505204,Cuitegi,PB,Municipal,57,24.79059515062454,72.71456842082674,0.0011327762877745909,5.678976182781579,treino
4321204,Taquara,RS,Estadual,157,45.766816144771404,86.01341035924189,0.001132450611444853,5.680108633393024,treino
2908002,Coaraci,BA,Municipal,115,39.130434782608695,98.61846776519798,0.0011324467711298614,5.6812410801641535,validacao
4302709,Butiá,RS,Municipal,119,44.75300410493821,93.40174504795473,0.0011275056116778067,5.682368585775832,validacao
4311205,Júlio de Castilhos,RS,Municipal,97,42.17460321706942,93.53648164940836,0.001126142411294146,5.683494728187126,validacao
2102507,Cajari,MA,Municipal,72,34.09066202848136,76.61958384950547,0.00112566726249248,5.684620395449619,validacao
1711951,Lagoa do Tocantins,TO,Municipal,52,15.097188148707303,93.37250154129303,0.0011256198500256128,5.685746015299644,treino
2929008,São Félix,BA,Municipal,83,31.325301204819276,97.58385451061304,0.0011244814766961245,5.68687049677634,teste
2408805,Parazinho,RN,Municipal,60,28.262610088070456,90.79238061478353,0.0011241050217091965,5.687994601798049,treino
2507705,Juazeirinho,PB,Municipal,150,45.47116908448128,69.49987256175471,0.0011223450709390759,5.689116946868989,teste
4306502,Dom Feliciano,RS,Municipal,82,35.002891942065695,86.12580365831576,0.0011214116606939695,5.690238358529683,teste
2501401,Baía da Traição,PB,Municipal,148,44.75842624631552,76.16851433374967,0.001120353747330641,5.6913587122770135,treino
4200705,Alfredo Wagner,SC,Municipal,71,37.43560389238694,69.3801816868656,0.0011164298915726882,5.692475142168586,validacao
4304630,Capão da Canoa,RS,Estadual,129,47.50869253296336,91.90252888558499,0.001116254655166265,5.693591396823752,treino
2802403,Gararu,SE,Municipal,94,36.38453082842011,96.74004432661147,0.001115706851452959,5.6947071036752055,validacao
2920007,Maiquinique,BA,Municipal,86,32.55813953488372,98.79346274037427,0.0011148567459220251,5.695821960421127,treino
1300300,Autazes,AM,Estadual,145,46.4211856617647,90.56938523045045,0.0011124823295813018,5.696934442750709,validacao
2700201,Anadia,AL,Municipal,151,45.2615807216881,72.84449833916167,0.0011117189888647354,5.6980461617395735,validacao
1506302,Salvaterra,PA,Municipal,191,49.48462768793318,93.21500375149955,0.001111486667777085,5.6991576484073505,treino
2905008,Caculé,BA,Municipal,196,47.95918367346939,85.07377351907516,0.0011096413745666019,5.700267289781917,teste
2207801,Paulistana,PI,Municipal,236,50.47538473934413,74.48257642968143,0.0011091568191552153,5.701376446601072,treino
5003256,Costa Rica,MS,Municipal,451,54.85700728982444,63.53903573347544,0.0011086144205342536,5.702485061021607,teste
1502608,Colares,PA,Municipal,97,37.21246238959527,78.3975438292245,0.001108264990653439,5.70359332601226,treino
2916302,Itapebi,BA,Municipal,64,23.4375,99.76625587250675,0.001106417326819613,5.70469974333908,treino
2909703,Cristópolis,BA,Municipal,144,43.75,99.04826903979927,0.0011026243294702143,5.70580236766855,treino
2807501,Tomar do Geru,SE,Municipal,113,40.4333949269276,89.88366194682699,0.0010988758998396711,5.70690124356839,validacao
2917904,Jandaíra,BA,Municipal,97,36.08247422680412,94.05632676620415,0.0010953702220394888,5.707996613790429,teste
2933000,Valente,BA,Municipal,102,37.254901960784316,96.88523651125914,0.0010951331597051518,5.709091746950134,treino
2602803,Buíque,PE,Municipal,508,55.506943123454434,59.81249248866158,0.001094957733577741,5.710186704683712,teste
2613107,São Caitano,PE,Municipal,338,53.17437183000058,83.58563199843496,0.0010939450032854522,5.711280649686997,treino
1722107,Xambioá,TO,Municipal,119,42.823302983196385,95.01986437176834,0.0010937539310439766,5.712374403618041,treino
2409407,Pau dos Ferros,RN,Estadual,110,42.990379672468244,87.12504219322415,0.0010917114019713251,5.713466115020013,teste
4209409,Laguna,SC,Municipal,74,34.308362174835324,92.50172622067454,0.0010868089528972278,5.71455292397291,treino
2204907,Isaías Coelho,PI,Municipal,90,34.44444444444444,74.06549786075323,0.0010862196159340646,5.715639143588844,teste
2906907,Caravelas,BA,Municipal,225,49.77777777777778,99.78962170195913,0.0010798189329069546,5.716718962521751,treino
2914505,Irará,BA,Municipal,83,32.53012048192771,99.0155662981857,0.0010770690098286402,5.71779603153158,treino
2915502,Itajuípe,BA,Municipal,88,34.09090909090909,99.47937833603855,0.0010768319474943027,5.718872863479074,validacao
2802304,Frei Paulo,SE,Municipal,91,37.21278721278721,96.88257135406829,0.001076732381313881,5.719949595860388,validacao
2902658,Banzaê,BA,Municipal,98,36.734693877551024,99.77221271021821,0.001076357822825628,5.721025953683214,treino
2507408,Jericó,PB,Municipal,54,23.829990448901622,59.62443666320168,0.0010743276209943624,5.722100281304209,treino
2509206,Massaranduba,PB,Municipal,101,40.685442823210046,71.36767863316965,0.0010738980640445427,5.723174179368253,treino
2404705,Ipanguaçu,RN,Municipal,110,43.01267710663684,97.30541869157084,0.001073697983434362,5.724247877351687,treino
3101706,Almenara,MG,Municipal,408,55.06688068485821,62.726946650845974,0.0010707038861516795,5.725318581237839,treino
2928307,Santanópolis,BA,Municipal,61,22.950819672131146,91.76520985272971,0.0010686295907262281,5.726387210828565,teste
2901700,Antônio Cardoso,BA,Municipal,66,25.757575757575758,96.74473663058012,0.0010683925283918908,5.727455603356957,treino
2414456,Triunfo Potiguar,RN,Municipal,37,10.951760104302476,87.45346108858311,0.0010680122804076133,5.728523615637365,validacao
4304507,Canguçu,RS,Municipal,261,51.68076931680333,72.30895779791118,0.0010638646301773795,5.729587480267543,treino
2401404,Baía Formosa,RN,Municipal,74,35.35164835164835,92.05776771925589,0.001059147097352731,5.730646627364895,validacao
3538907,Pirajuí,SP,Municipal,145,46.02539390706888,67.32507313631264,0.0010591051658381527,5.731705732530734,validacao
2407708,Montanhas,RN,Municipal,120,44.20793818054092,86.3901804951244,0.0010590830905224597,5.732764815621256,teste
5002159,Bodoquena,MS,Municipal,137,46.43804243008678,80.88542922952062,0.0010590086529494787,5.7338238242742054,treino
2925402,Potiraguá,BA,Municipal,69,27.536231884057973,98.46313148296561,0.0010587677976177912,5.734882592071823,validacao
4305355,Charqueadas,RS,Municipal,246,51.335991958455395,92.67099480968218,0.0010557059459950096,5.735938298017818,validacao
2901007,Amargosa,BA,Municipal,249,51.00401606425703,96.29211831892749,0.0010502335535816432,5.7369885315714,validacao
5005152,Juti,MS,Municipal,160,47.66747733804996,86.65764499056287,0.0010492890972416437,5.738037820668642,treino
5107800,Santo Antônio do Leverger,MT,Estadual,153,48.06313536650615,90.11397718024612,0.0010489107457560412,5.739086731414398,treino
3527603,Luís Antônio,SP,Municipal,123,43.03030299745547,78.04463412425001,0.001047782483557083,5.740134513897955,treino
5006309,Paranaíba,MS,Municipal,451,55.191676261140245,81.7008532959098,0.001047008557585319,5.74118152245554,validacao
2921054,Matina,BA,Municipal,127,42.51968503937008,99.25913078595522,0.00104653538116598,5.742228057836706,validacao
1702901,Axixá do Tocantins,TO,Municipal,97,40.18775145283862,94.75773148059027,0.001045357181364323,5.74327341501807,validacao
1701002,Ananás,TO,Municipal,145,46.70099389294695,94.74155861599276,0.0010452068838443533,5.744318621901915,treino
2931103,Tanquinho,BA,Municipal,75,30.666666666666668,98.33185579161943,0.0010395183360695926,5.745358140237984,treino
2906899,Caraíbas,BA,Municipal,90,35.55555555555556,90.91953101180329,0.0010388071490665804,5.746396947387051,validacao
2906600,Candiba,BA,Municipal,120,41.666666666666664,94.91269139794679,0.0010373847750605558,5.747434332162112,teste
2920403,Manoel Vitorino,BA,Municipal,120,41.666666666666664,99.46667667565451,0.0010373847750605558,5.748471716937173,treino
2207504,Palmeirais,PI,Municipal,150,46.16254239417159,71.58086586278611,0.0010370424570497723,5.749508759394223,treino
1713205,Miracema do Tocantins,TO,Municipal,135,46.39525545190585,86.86682494230273,0.001036442689343899,5.750545202083567,treino
1719004,Santa Tereza do Tocantins,TO,Municipal,49,24.64516129032258,87.22645821507254,0.0010363417007894712,5.751581543784356,teste
2924306,Piatã,BA,Municipal,150,45.333333333333336,95.31620441370036,0.0010359624010545312,5.752617506185411,teste
2704104,Lagoa da Canoa,AL,Municipal,130,44.1992524439333,81.0264255800608,0.001035624824290435,5.753653131009702,treino
4304358,Candiota,RS,Estadual,69,36.424731182795696,77.19835201546516,0.001035108976650917,5.754688239986352,teste
2705002,Mata Grande,AL,Municipal,120,42.44437329918361,92.63895183175534,0.0010340213346609762,5.755722261321013,treino
2802007,Divina Pastora,SE,Municipal,51,19.533419737085723,94.4049348370623,0.0010336861285202236,5.756755947449533,validacao
2412203,São José de Mipibu,RN,Estadual,47,25.91086786551994,98.55250048905549,0.0010305597504549817,5.757786507199988,validacao
3305752,Tanguá,RJ,Municipal,339,54.45248504949997,70.84899082024363,0.0010279032299363958,5.758814410429925,treino
2931608,Teolândia,BA,Municipal,143,44.75524475524475,98.47041717623851,0.0010268117949491068,5.759841222224874,treino
4309407,Guaporé,RS,Municipal,182,49.19345328870835,77.46828871803127,0.00101524756821511,5.760856469793089,teste
5003702,Dourados,MS,Estadual,147,48.213310020762755,70.63359304237662,0.001014104305579284,5.761870574098668,treino
4300877,Araricá,RS,Municipal,99,43.453930665738994,77.96510338816371,0.0010136733404317857,5.7628842474391,treino
2201929,Bonfim do Piauí,PI,Municipal,89,35.95505617977528,63.218539602104464,0.0010104070814129574,5.763894654520513,treino
1501907,Bujaru,PA,Municipal,229,51.62982244842458,92.93038597617213,0.001009250691346058,5.764903905211859,treino
2910107,Dom Basílio,BA,Municipal,124,42.74193548387097,93.34023431396696,0.0010087476450725951,5.765912652856931,treino
3502507,Aparecida,SP,Municipal,321,53.75454117811611,88.2601162549141,0.001008144913172482,5.766920797770104,treino
2407807,Monte Alegre,RN,Municipal,209,50.97478991596638,85.4458506368938,0.0010071356211991006,5.767927933391303,treino
2700706,Batalha,AL,Municipal,146,45.951816745655606,95.49675292095107,0.0010046739659193415,5.768932607357223,treino
2607604,Ilha de Itamaracá,PE,Municipal,205,50.58113938540107,78.84044960381118,0.0010035730484386782,5.7699361804056615,treino
2931400,Teodoro Sampaio,BA,Municipal,72,30.555555555555557,94.28345000497333,0.001001730599976208,5.770937911005638,treino
4301057,Arroio do Sal,RS,Municipal,136,46.78156767052082,79.95074013243924,0.0010006516233637046,5.771938562629002,treino
2910008,Dário Meira,BA,Municipal,112,41.07142857142857,98.11402613823475,0.000999834101301508,5.772938396730303,teste
2916807,Itarantim,BA,Municipal,112,41.07142857142857,99.93409919539174,0.000999834101301508,5.773938230831604,teste
2401008,Apodi,RN,Municipal,162,48.85268231349539,97.69075796762236,0.000999792378330665,5.774938023209934,treino
2930907,Tabocas do Brejo Velho,BA,Municipal,127,43.30708661417323,99.02489869512905,0.0009991229142984957,5.775937146124233,validacao
2403608,Extremoz,RN,Estadual,62,30.69348127600555,81.99380310912206,0.000998406986048797,5.776935553110281,treino
4204806,Curitibanos,SC,Municipal,231,53.48198761553245,85.23326830199908,0.0009975663630112349,5.777933119473293,treino
1703909,Caseara,TO,Municipal,60,31.53846153846154,87.18651252016491,0.0009964156624403624,5.778929535135733,treino
2806008,Ribeirópolis,SE,Municipal,94,38.46938775510205,98.50698380141769,0.0009957566291509045,5.779925291764884,treino
2402402,Carnaúba dos Dantas,RN,Municipal,58,29.878484631879914,53.31315789507085,0.0009956641748405132,5.780920955939724,teste
2511509,Pilar,PB,Municipal,86,38.064516129032256,50.94515898424569,0.0009948984635006035,5.781915854403224,treino
2709202,Traipu,AL,Municipal,160,47.48890860692103,95.9898837854776,0.0009947585967233447,5.782910612999948,validacao
2930402,Serra Preta,BA,Municipal,90,36.666666666666664,99.01744905966679,0.000991394682199096,5.783902007682147,treino
2402709,Cerro Corá,RN,Municipal,99,40.94866678759297,89.5687411684126,0.0009907185804215652,5.7848927262625685,treino
1302009,Itapiranga,AM,Municipal,51,32.81351526965562,97.28843558073868,0.0009882204175423182,5.785880946680111,treino
4105201,Cerro Azul,PR,Municipal,184,49.89412897016362,70.24665005813353,0.0009858094936021063,5.786866756173713,treino
1705508,Colinas do Tocantins,TO,Municipal,442,55.8386453404247,87.47127758491655,0.0009847844360684314,5.787851540609782,validacao
2705309,Minador do Negrão,AL,Municipal,64,27.982779827798275,87.6272568179228,0.0009842335032034318,5.788835774112985,treino
1722081,Wanderlândia,TO,Municipal,94,41.911381407471765,95.53022781247829,0.0009816703852445748,5.7898174444982295,teste
4318002,São Borja,RS,Estadual,192,51.32976583737993,92.10911826004057,0.0009792696330612155,5.79079671413129,treino
3517406,Guaíra,SP,Municipal,306,53.49436167267781,61.55686982946569,0.0009779369113836148,5.791774651042674,teste
2401602,Bento Fernandes,RN,Municipal,55,29.300313292555572,98.22229544676101,0.0009724756855449641,5.792747126728219,treino
2913002,Ibitiara,BA,Municipal,91,37.362637362637365,77.37708865159009,0.0009723822829852351,5.793719509011204,teste
2402303,Caraúbas,RN,Municipal,80,39.5267571884984,98.06893570876866,0.0009674912129031852,5.7946870002241075,treino
2409100,Passa e Fica,RN,Municipal,86,41.06315984441563,97.40223690149327,0.0009643705243339676,5.795651370748441,teste
2900405,Água Fria,BA,Municipal,69,30.434782608695652,99.79085252339836,0.0009639428638828227,5.796615313612324,treino
1303601,Santa Isabel do Rio Negro,AM,Municipal,75,36.030103480714956,95.27288706489347,0.0009624237684443888,5.797577737380768,treino
1506138,Redenção,PA,Municipal,1080,58.26135526539468,89.63738191819813,0.0009597549206844114,5.7985374923014525,treino
2413201,Senador Georgino Avelino,RN,Municipal,51,27.454135822336657,95.0859542984602,0.0009559235192368567,5.799493415820689,treino
1304062,Tabatinga,AM,Estadual,229,51.67952328476388,74.06296246724528,0.0009549340210533316,5.8004483498417425,treino
2902609,Baixa Grande,BA,Municipal,87,36.7816091954023,99.98452426537803,0.0009536069461057112,5.801401956787848,treino
2911659,Guajeru,BA,Municipal,87,36.7816091954023,93.38337392916343,0.0009536069461057112,5.802355563733954,treino
2918506,Jussara,BA,Municipal,122,43.442622950819676,99.5409267413521,0.0009519475097653494,5.80330751124372,teste
4210001,Luiz Alves,SC,Estadual,60,35.54070473876063,57.35011810406048,0.0009505109120192645,5.8042580221557385,treino
2506806,Ingá,PB,Municipal,128,47.24050632911393,63.979799583155405,0.0009483441622834203,5.805206366318022,treino
1701101,Aparecida do Rio Negro,TO,Municipal,70,35.786679536679536,82.8549131320442,0.0009475438398426974,5.806153910157865,treino
2931301,Tapiramutá,BA,Municipal,110,41.81818181818182,99.8621721651807,0.0009430339659942623,5.807096944123859,validacao
1300144,Apuí,AM,Municipal,145,49.24795874516545,89.71664058360936,0.0009401816319875146,5.808037125755846,treino
2514453,São José dos Ramos,PB,Municipal,56,27.371184771906794,61.5440384081936,0.0009398601754621528,5.8089769859313085,teste
1720655,Silvanópolis,TO,Municipal,75,37.36351228389445,90.34617302933195,0.0009394344115096827,5.809916420342819,teste
1506112,Quatipuru,PA,Municipal,143,47.30435890899822,87.52647645666897,0.0009371112006331753,5.810853531543452,treino
1200328,Jordão,AC,Municipal,46,19.591836734693878,86.77155085666176,0.0009364436330996817,5.811789975176551,treino
2605707,Floresta,PE,Municipal,228,51.700708628595244,87.03846327232594,0.0009326079645301021,5.812722583141081,treino
1501105,Bagre,PA,Municipal,276,53.32730500016744,96.17459598825016,0.0009304891013857953,5.813653072242467,validacao
2406106,Jucurutu,RN,Municipal,103,43.70199058395969,96.31127614044877,0.0009298025688655536,5.814582874811332,validacao
1500347,Água Azul do Norte,PA,Municipal,185,51.37977489026987,97.09338413104634,0.0009295636100325414,5.815512438421365,treino
4307906,Farroupilha,RS,Municipal,554,56.66060307655196,80.20889853201865,0.0009292061808720341,5.816441644602237,treino
2406700,Lajes,RN,Municipal,65,36.00439077936334,94.00828359518889,0.0009289055249924205,5.8173705501272295,treino
2507002,Itaporanga,PB,Municipal,163,48.67053350944697,86.53661088277724,0.0009270972135060942,5.818297647340736,treino
1506195,Rurópolis,PA,Municipal,320,54.75380436215945,78.89254591580521,0.0009251514058658535,5.819222798746602,teste
2413102,Senador Elói de Souza,RN,Municipal,40,26.271332528874332,88.65945048281097,0.0009249219295262142,5.820147720676128,treino
2406304,Lagoa de Pedras,RN,Municipal,49,28.93441321264094,90.93688761386507,0.0009244971138230819,5.821072217789951,validacao
5004809,Japorã,MS,Municipal,93,41.74132138857783,87.15945042751254,0.0009225916067796776,5.821994809396731,teste
1703305,Bom Jesus do Tocantins,TO,Municipal,59,28.553013213019657,91.108919681754,0.0009223592856920272,5.822917168682423,treino
2911402,Glória,BA,Municipal,64,29.6875,99.98858409443785,0.0009167674593496759,5.823833936141773,validacao
2507200,Itatuba,PB,Municipal,79,36.626854867897215,73.31391240188196,0.0009146391137119944,5.824748575255485,treino
1718907,Santa Rosa do Tocantins,TO,Municipal,75,36.92619530225348,88.01175568841924,0.0009135495752233797,5.825662124830708,teste
2801009,Campo do Brito,SE,Municipal,100,41.749128263123175,96.92173530927303,0.0009131588964963913,5.8265752837272045,validacao
4312500,Mostardas,RS,Municipal,89,40.842066292027326,88.09668382472819,0.0009126194924183875,5.827487903219623,teste
4318200,São Francisco de Paula,RS,Estadual,147,48.12296014301021,89.39803021420514,0.0009101569695616028,5.828398060189185,validacao
1714203,Natividade,TO,Municipal,104,43.89959136018681,85.71356021607667,0.000909659856441571,5.829307720045627,validacao
1301704,Humaitá,AM,Municipal,666,57.23042630259125,88.9005845462403,0.0009085271726081091,5.830216247218234,validacao
2900603,Aiquara,BA,Municipal,57,26.31578947368421,97.70889889073963,0.0009076168532442516,5.831123864071478,treino
5105150,Juína,MT,Municipal,484,56.57031946703037,65.56844261672991,0.00090283340946199,5.8320266974809405,treino
4217204,São Miguel do Oeste,SC,Estadual,75,38.89318457969734,67.91701691495973,0.000901665166278376,5.832928362647219,treino
2921005,Mata de São João,BA,Municipal,636,56.918238993710695,90.40935496141432,0.0008991300216749718,5.8338274926688936,treino
2919900,Macururé,BA,Municipal,40,12.5,98.0863670874351,0.0008989403718075019,5.834726433040701,treino
4212650,Pescaria Brava,SC,Municipal,120,45.95152140278494,69.7655186624599,0.0008976256241012661,5.835624058664802,treino
4309050,Glorinha,RS,Municipal,68,34.32432432432432,82.84502826683507,0.0008973283479340075,5.836521387012736,treino
2409803,Pedro Velho,RN,Municipal,38,23.55880092236741,97.9951431765857,0.000896662676899188,5.837418049689635,treino
2932309,Ubatã,BA,Municipal,105,41.904761904761905,98.8256624851925,0.0008958585614611151,5.838313908251096,teste
2909406,Cotegipe,BA,Municipal,105,41.904761904761905,99.17552058820937,0.0008958585614611151,5.839209766812557,treino
2410306,Serra Caiada,RN,Municipal,66,40.45360824742268,98.29470218109863,0.0008943413625213556,5.840104108175078,teste
2915908,Itanagra,BA,Municipal,53,24.528301886792452,98.6494120123226,0.0008888415163647278,5.840992949691443,treino
1600253,Itaubal,AP,Municipal,105,43.59286646367986,81.96961355201556,0.0008887490620543364,5.841881698753497,validacao
2916708,Itaquara,BA,Municipal,73,34.24657534246575,97.3500391589219,0.0008878932670273778,5.842769592020524,treino
4313656,Palmares do Sul,RS,Municipal,92,45.15884906524353,85.23620485845727,0.0008876211868786045,5.843657213207402,treino
2918308,Jitaúna,BA,Municipal,98,40.816326530612244,98.64962734740304,0.0008867079553556909,5.844543921162758,validacao
2107209,Nina Rodrigues,MA,Municipal,128,46.8398631189329,63.042995000108526,0.0008866515345201182,5.845430572697278,treino
4301107,Arroio dos Ratos,RS,Municipal,91,43.21728654208112,88.17504041667364,0.0008858848341371853,5.846316457531415,treino
2201101,Avelino Lopes,PI,Municipal,122,44.97401039584167,56.963276913573544,0.0008849513234582505,5.847201408854874,teste
4309100,Gramado,RS,Municipal,400,55.711665375934864,79.24177515662252,0.0008845816694246163,5.848085990524298,treino
2917805,Jaguaripe,BA,Municipal,143,46.85314685314685,99.88111656197033,0.0008845743943466539,5.848970564918645,treino
3522653,Itapirapuã Paulista,SP,Municipal,57,29.848197404939707,62.06152114348453,0.0008833946687786246,5.849853959587423,treino
2919108,Lamarão,BA,Municipal,46,19.565217391304348,97.04324458376455,0.0008796909102593032,5.850733650497682,treino
2111052,São João do Paraíso,MA,Municipal,109,43.93874214918696,69.87581613852034,0.0008795851804581887,5.8516132356781405,teste
2806602,Santo Amaro das Brotas,SE,Municipal,56,26.785714285714285,97.35197341404357,0.0008792167855906283,5.852492452463731,treino
1200393,Porto Walter,AC,Municipal,87,39.795474325500436,88.24669600717854,0.0008761861807084589,5.853368638644439,validacao
4313706,Palmeira das Missões,RS,Estadual,212,52.68127094969966,84.520960320363,0.0008761798473179448,5.8542448184917575,treino
3513405,Cruzeiro,SP,Municipal,451,56.10461363995431,89.52929169162715,0.0008727508526589673,5.855117569344417,treino
4316600,Sananduva,RS,Municipal,99,43.218623398325356,71.00947138266334,0.0008699957472557869,5.855987565091673,teste
4301305,Arroio Grande,RS,Municipal,55,38.08802302713358,91.67163258633548,0.0008686940845464647,5.85685625917622,validacao
2905107,Caém,BA,Municipal,79,36.70886075949367,99.42335785633173,0.0008686438054791793,5.8577249029816985,validacao
2904407,Brejolândia,BA,Municipal,94,40.42553191489362,93.13482697280624,0.0008679326184761671,5.858592835600175,teste
2401800,Brejinho,RN,Municipal,55,40.26838432635534,97.47934159559361,0.0008670246697356549,5.859459860269911,treino
2707206,Poço das Trincheiras,AL,Municipal,163,48.858198558362105,96.2845267960082,0.0008642775914053527,5.860324137861316,treino
3554805,Tremembé,SP,Municipal,312,54.729475024184815,88.54082806450933,0.0008629186468310948,5.861187056508147,teste
2509305,Mataraca,PB,Municipal,178,50.429396762608654,51.45893332140767,0.0008627110835000511,5.862049767591647,treino
4315305,Quaraí,RS,Estadual,179,50.66928367374802,86.66758320958006,0.0008621725413190582,5.862911940132966,treino
4308805,General Câmara,RS,Estadual,39,22.083333263020833,68.2711008358965,0.000860631094799801,5.8637725712277655,treino
4201950,Balneário Arroio do Silva,SC,Municipal,119,51.12687002137167,82.3777338407189,0.0008563696660565248,5.864628940893822,teste
2409803,Pedro Velho,RN,Estadual,42,24.55968688845401,93.37436597508002,0.0008562169979132117,5.865485157891736,treino
2904308,Brejões,BA,Municipal,147,47.61904761904762,96.7636182203444,0.0008559372643586935,5.866341095156095,treino
2112274,Tufilândia,MA,Municipal,73,36.21052631578948,77.968809273867,0.0008536140534821868,5.867194709209577,treino
2916906,Itiruçu,BA,Municipal,60,30.0,98.56026847179179,0.0008505796556026678,5.868045288865179,validacao
2921906,Mucugê,BA,Municipal,85,38.8235294117647,92.25720051825814,0.0008493943439309808,5.868894683209111,validacao
2928901,São Desidério,BA,Municipal,307,54.071661237785015,98.1414473161491,0.0008483512696598962,5.869743034478771,treino
3532009,Morungaba,SP,Municipal,128,47.31639388457862,75.68257110202215,0.0008472001309693806,5.87059023460974,treino
2704807,Maribondo,AL,Municipal,94,41.50185414091471,78.12312851878728,0.0008468302777227873,5.871437064887463,teste
2901106,Amélia Rodrigues,BA,Municipal,140,47.142857142857146,99.39293171703676,0.0008467866582532691,5.872283851545716,treino
2516102,Soledade,PB,Municipal,111,47.25212464589236,73.4222475585056,0.0008467297632930276,5.873130581309009,teste
3539301,Pirassununga,SP,Municipal,460,56.399934999527765,79.79582562107306,0.0008430093192693182,5.873973590628278,treino
4306205,Cruzeiro do Sul,RS,Municipal,59,35.24140182145613,87.87870615661306,0.0008417699707652002,5.874815360599043,treino
2702801,Flexeiras,AL,Municipal,157,49.3575252825699,94.35277708899582,0.0008402389965788692,5.875655599595622,treino
2412807,São Rafael,RN,Municipal,41,25.446340984893077,91.27540666683731,0.0008326117530338972,5.876488211348656,teste
5104807,Jaciara,MT,Municipal,348,55.26697811914377,52.6676332847468,0.0008322371945456435,5.877320448543202,treino
1505031,Novo Progresso,PA,Municipal,466,56.79277424850056,85.85305284199853,0.0008302141045844071,5.878150662647786,treino
2913408,Igaporã,BA,Municipal,101,42.57425742574257,89.58176256138697,0.0008296707577141072,5.8789803334055,treino
2931202,Taperoá,BA,Municipal,141,47.5177304964539,98.64926402485065,0.0008277742590394082,5.879808107664539,treino
2100550,Amapá do Maranhão,MA,Municipal,102,42.97905352986811,76.45516732711195,0.0008272944448747092,5.880635402109414,treino
4301909,Barra do Ribeiro,RS,Estadual,20,8.823529411764707,82.20370036338204,0.0008233648996207319,5.881458767009034,teste
4202438,Bocaina do Sul,SC,Municipal,47,28.084326306141158,58.73141700053572,0.0008228646980952799,5.88228163170713,teste
4316709,Santa Bárbara do Sul,RS,Municipal,72,37.93728417721519,78.98114823120792,0.0008226321636515283,5.883104263870782,validacao
1200450,Senador Guiomard,AC,Estadual,165,51.0509131721253,84.59075116961031,0.0008224157020340448,5.883926679572816,validacao
1705607,Conceição do Tocantins,TO,Municipal,69,35.7976653696498,88.29461779469187,0.0008223237218483221,5.884749003294664,treino
2700102,Água Branca,AL,Municipal,150,48.79753735650612,75.34486593782295,0.0008208079452825682,5.885569811239947,treino
2923506,Palmeiras,BA,Municipal,89,40.449438202247194,94.66040809057094,0.0008207572139430203,5.88639056845389,validacao
2516904,Uiraúna,PB,Municipal,110,44.460316043210426,51.118318223581916,0.0008199507278816048,5.887210519181771,treino
2919702,Macarani,BA,Municipal,114,44.73684210526316,96.16985895577571,0.0008195719022713332,5.888030091084042,treino
5107776,Santa Terezinha,MT,Municipal,80,40.73622352810733,80.67800563173236,0.0008194680689688933,5.8888495591530114,treino
1502756,Concórdia do Pará,PA,Municipal,250,54.232283464566926,97.6223407947818,0.0008190598476291636,5.88966861900064,validacao
2903706,Boa Nova,BA,Municipal,129,46.51162790697674,99.14156926068624,0.000818860715268321,5.890487479715909,treino
4322202,Tupanciretã,RS,Estadual,87,41.167732059032495,80.12946727339359,0.0008170916099947894,5.891304571325904,validacao
4320859,Tabaí,RS,Municipal,41,24.730983317973568,83.6677366900595,0.0008170504257196537,5.892121621751623,validacao
1503408,Inhangapi,PA,Municipal,98,45.413268309089375,98.50198505486571,0.0008168727105325673,5.892938494462156,treino
2918357,João Dourado,BA,Municipal,254,53.1496062992126,99.63309545291149,0.0008129341569098847,5.8937514286190655,treino
2903607,Biritinga,BA,Municipal,57,29.82456140350877,99.80436847028926,0.000812791919509283,5.894564220538575,treino
2919306,Lençóis,BA,Municipal,77,37.66233766233766,98.80065180538826,0.0008118436701719332,5.8953760642087465,treino
1200138,Bujari,AC,Estadual,31,19.14285714285714,91.15913798732697,0.0008116066078375958,5.896187670816584,treino
2510204,Nova Olinda,PB,Municipal,68,38.04041954464057,77.75395856026353,0.0008102705245212704,5.896997941341105,treino
3551405,Serra Azul,SP,Municipal,91,44.64530973375696,77.22921168711822,0.0008100539899312585,5.8978079953310365,validacao
4315305,Quaraí,RS,Municipal,64,36.24751982290978,92.43779067901184,0.0008074241493228404,5.898615419480359,treino
2908101,Cocos,BA,Municipal,207,51.690821256038646,93.09703994446018,0.00080568004947916,5.899421099529839,treino
2201960,Brasileira,PI,Municipal,94,42.57597389353457,67.7939603152302,0.0008054401423968109,5.900226539672236,treino
2407005,Luís Gomes,RN,Municipal,44,26.590730557737626,97.53846722231386,0.00080416664353675,5.9010307063157725,treino
3539400,Piratininga,SP,Municipal,102,44.37428432224902,58.977916324341884,0.0008023626048524561,5.901833068920625,validacao
2411601,São Bento do Norte,RN,Municipal,56,32.16920806689621,86.35613566754527,0.00080188752625443,5.902634956446879,validacao
2406205,Lagoa d'Anta,RN,Municipal,26,11.638547326279669,97.51329867260793,0.000800181625696538,5.903435138072576,validacao
1718808,Sampaio,TO,Municipal,85,43.2499258233607,89.88757163470359,0.0007981836643427421,5.9042333217369185,teste
4203501,Campo Erê,SC,Municipal,122,48.29227903125646,59.623184605575496,0.0007976232489843688,5.905030944985903,treino
2706604,Paulo Jacinto,AL,Municipal,78,38.46153846153846,91.97030263065605,0.0007928312709580721,5.905823776256861,treino
2404853,Itajá,RN,Municipal,65,40.01666865102989,84.92745046318187,0.0007917886708116561,5.906615564927673,teste
1304104,Tapauá,AM,Municipal,184,51.77719349498491,84.08465152377137,0.0007909641680128299,5.907406529095685,treino
2407104,Macaíba,RN,Estadual,44,33.895657606997815,96.54714951226002,0.0007893218001605405,5.908195850895846,validacao
4311304,Lagoa Vermelha,RS,Estadual,167,51.570219611772536,79.8614580220971,0.0007881155997744523,5.9089839664956205,teste
4312708,Nonoai,RS,Estadual,65,36.17391293614907,73.0020826263098,0.000787438626266565,5.909771405121887,validacao
1501576,Bom Jesus do Tocantins,PA,Municipal,178,51.8536467167434,90.71678966471046,0.0007872200055043047,5.910558625127392,validacao
5107909,Sinop,MT,Estadual,110,46.84251968503937,83.06222551174069,0.0007862409380634913,5.9113448660654555,teste
3537206,Pedro de Toledo,SP,Municipal,106,45.97320202357445,72.26159750378005,0.0007857615799972413,5.912130627645452,validacao
2708600,São Miguel dos Campos,AL,Municipal,564,57.177603576065344,84.95895556790394,0.0007854116940179776,5.91291603933947,treino
2900900,Almadina,BA,Municipal,46,23.91304347826087,96.33781102283491,0.0007848659765243346,5.913700905315995,treino
1700301,Aguiarnópolis,TO,Municipal,77,40.920041298611906,89.79391298836397,0.0007844312042031597,5.914485336520198,teste
2916609,Itapitanga,BA,Municipal,71,36.61971830985915,98.12916447106296,0.0007836806648526475,5.915269017185051,validacao
2510907,Paulista,PB,Municipal,72,40.28734267394918,55.59376462885312,0.0007831486969743942,5.916052165882025,validacao
1504976,Nova Ipixuna,PA,Municipal,182,52.5281400750402,96.34772732640222,0.0007825010426769846,5.916834666924702,treino
4320677,Sinimbu,RS,Municipal,63,36.340936142857146,75.99834303450555,0.0007818953341890124,5.917616562258891,treino
1712504,Marianópolis do Tocantins,TO,Municipal,58,36.705120990433315,87.57716772736529,0.0007816855482468636,5.918398247807137,teste
2512705,Remígio,PB,Municipal,142,49.27059127291505,60.313017059299035,0.0007807448849042135,5.919178992692042,treino
2901304,Andaraí,BA,Municipal,136,47.794117647058826,97.12646205003169,0.0007805988545062611,5.919959591546548,treino
2407609,Messias Targino,RN,Municipal,38,26.31578947368421,95.1630982999201,0.0007805504937900565,5.920740142040338,treino
3530805,Mogi Mirim,SP,Municipal,657,57.70039842437626,74.68393688651828,0.0007769495985188463,5.921517091638857,treino
3512209,Conchal,SP,Municipal,337,55.54409223416883,62.522930830890154,0.0007744662537470834,5.9222915578926045,teste
2605301,Exu,PE,Municipal,335,55.21955973400596,50.49775145640911,0.0007742038609751743,5.92306576175358,treino
2503209,Cabedelo,PB,Municipal,557,57.23813904586673,79.53801443008912,0.0007682374761445709,5.923833999229724,validacao
4311403,Lajeado,RS,Estadual,154,51.19920528473844,91.03024080893508,0.0007672986295670491,5.924601297859291,teste
5106828,Porto Esperidião,MT,Municipal,141,49.79997499687461,70.11806706082851,0.000766091587894148,5.925367389447185,treino
4301875,Barra do Quaraí,RS,Municipal,47,25.53191489361702,80.98464446955693,0.0007658535773104734,5.926133243024496,validacao
2918555,Jussari,BA,Municipal,57,31.57894736842105,92.81101727959215,0.0007653794526417988,5.926898622477138,treino
2504900,Cruz do Espírito Santo,PB,Municipal,115,47.6295900450416,82.11731559527328,0.0007620610540857433,5.927660683531224,treino
2614709,Tacaimbó,PE,Municipal,96,44.0083053193593,78.35279320590979,0.0007620539422157133,5.92842273747344,treino
2112506,Tutóia,MA,Municipal,637,57.60587788774151,81.51973057365025,0.0007594429376653232,5.929182180411106,validacao
2916203,Itapé,BA,Municipal,65,35.38461538461539,97.91899874264463,0.0007555176595333618,5.929937698070639,treino
4306601,Dom Pedrito,RS,Estadual,180,51.691463524336186,89.02755430152749,0.000755022700982803,5.9306927207716225,treino
2405108,Jandaíra,RN,Municipal,43,29.903900508762014,96.33372458104415,0.0007547557411908015,5.931447476512814,teste
2917359,Jaborandi,BA,Municipal,95,43.1578947368421,91.13283378847376,0.0007540952855273374,5.932201571798341,treino
2918803,Laje,BA,Municipal,110,45.45454545454545,99.44910567189802,0.0007533840985243252,5.932954955896865,teste
2915007,Itaeté,BA,Municipal,110,45.45454545454545,98.98831643110965,0.0007533840985243252,5.933708339995389,treino
1717008,Pindorama do Tocantins,TO,Municipal,56,33.84716300426369,86.82349163808703,0.00075324280937306,5.934461582804762,teste
2413409,Serra Negra do Norte,RN,Municipal,48,31.5667380442541,94.09668575560569,0.0007528132524232408,5.9352143960571855,treino
1304401,Urucurituba,AM,Estadual,39,30.538589672404218,89.37980658597252,0.0007521499520117646,5.9359665460091975,teste
1702000,Araguaçu,TO,Municipal,59,40.54945054945055,77.32533350906175,0.0007513975161625776,5.93671794352536,treino
4322202,Tupanciretã,RS,Municipal,90,44.372294215686274,82.46541095903439,0.0007509309727473547,5.937468874498107,validacao
1600550,Pracuúba,AP,Municipal,48,30.655312847093672,88.3022250072035,0.000749021203323179,5.93821789570143,validacao
3104502,Arinos,MG,Municipal,105,46.87474197010982,61.47877209471092,0.000747926449463209,5.938965822150894,treino
3502903,Araçoiaba da Serra,SP,Municipal,374,56.163191076100944,73.4137387950186,0.0007476630170639167,5.939713485167958,treino
2910909,Firmino Alves,BA,Municipal,43,23.25581395348837,97.61175875863674,0.0007470782404309497,5.940460563408388,treino
2915700,Itamari,BA,Municipal,68,36.76470588235294,88.75030821136872,0.0007458929287592626,5.941206456337148,treino
2929404,São Miguel das Matas,BA,Municipal,68,36.76470588235294,99.17424751231813,0.0007458929287592626,5.941952349265907,treino
5105507,Vila Bela da Santíssima Trindade,MT,Estadual,52,34.630225080385856,73.66250525815614,0.0007452196717297443,5.942697568937637,teste
2206670,Morro do Chapéu do Piauí,PI,Municipal,77,40.03545201316789,76.47488071429159,0.0007438551409332983,5.9434414240785705,treino
1712801,Maurilândia do Tocantins,TO,Municipal,38,20.67584480600751,95.40122535823768,0.0007429557264368219,5.944184379805007,treino
2509057,Marcação,PB,Estadual,33,15.422031473533622,84.99905948884829,0.0007370291680783863,5.9449214089730855,teste
2911857,Heliópolis,BA,Municipal,66,36.36363636363637,99.92226506024967,0.0007365052603195007,5.945657914233405,treino
4121000,Querência do Norte,PR,Municipal,144,50.31784237486885,66.26361968522681,0.0007361245382105549,5.946394038771616,treino
4318622,São José dos Ausentes,RS,Municipal,47,37.12153699978053,83.57715036652911,0.0007343885155974012,5.947128427287213,treino
2923605,Paramirim,BA,Municipal,141,48.93617021276596,93.82920789386637,0.0007329493253044396,5.947861376612518,teste
2512721,Pedro Régis,PB,Municipal,39,24.013005109150022,75.01113090305608,0.0007326620057552225,5.948594038618273,treino
4314209,Pedro Osório,RS,Municipal,34,22.311529782326538,74.64893060324948,0.0007306864676345418,5.949324725085908,teste
2803807,Malhada dos Bois,SE,Municipal,67,37.63581051716645,92.51367463385462,0.00072868078091236,5.95005340586682,teste
1718659,Rio da Conceição,TO,Municipal,35,19.622245540398737,85.7499022575112,0.0007279653267873294,5.9507813711936075,treino
1700400,Almas,TO,Municipal,126,48.19139194139194,91.49502282413388,0.0007274475826491365,5.951508818776257,treino
2210409,São Miguel do Tapuio,PI,Municipal,104,45.19230769230769,69.24914627575443,0.0007252210932050395,5.952234039869462,treino
1702158,Araguanã,TO,Municipal,63,37.80187997107736,88.57073951399812,0.0007245027943319971,5.9529585426637945,validacao
3507803,Brodowski,SP,Municipal,239,54.265765391994954,63.28926542720428,0.0007239303378949222,5.953682473001689,treino
4203709,Canelinha,SC,Municipal,69,41.37638062871708,63.31744497133334,0.0007235905784694666,5.954406063580159,validacao
2922409,Mutuípe,BA,Municipal,139,48.92086330935252,92.15185719211463,0.0007235616568646773,5.955129625237023,treino
4310538,Itaara,RS,Municipal,53,38.47659482119269,83.22304853710455,0.0007211729086739868,5.955850798145697,treino
2707909,Santa Luzia do Norte,AL,Municipal,68,38.528748590755356,92.59121658162898,0.0007190119565440735,5.956569810102241,validacao
2906402,Candeal,BA,Municipal,52,30.76923076923077,98.44884614024498,0.0007182040481086518,5.95728801415035,validacao
2601052,Araçoiaba,PE,Municipal,221,53.49457810911556,80.0286831403235,0.0007169675309727473,5.958004981681323,treino
4308607,Garibaldi,RS,Municipal,237,54.36003826885292,85.0831823564088,0.0007144440460337121,5.958719425727357,validacao
4321808,Três de Maio,RS,Municipal,164,51.24255798136461,78.89985201627167,0.0007142189922910534,5.959433644719648,treino
3301108,Cantagalo,RJ,Municipal,162,52.01570680628272,50.753091717802555,0.0007139843385574449,5.960147629058206,teste
2708709,São Miguel dos Milagres,AL,Municipal,155,50.67803890286556,91.80609352115209,0.0007125633869254267,5.960860192445131,treino
4301750,Barão do Triunfo,RS,Municipal,25,4.377104412021448,73.61544393743394,0.0007107689160769467,5.9615709613612085,treino
1503002,Faro,PA,Municipal,148,51.78086654359864,78.38519173169622,0.000708997495292324,5.9622799588565005,validacao
2707800,Roteiro,AL,Municipal,101,45.936098654708516,56.18801174221544,0.0007086722457696129,5.96298863110227,treino
2933406,Wagner,BA,Municipal,100,45.0,93.59933235384499,0.0007064457563255157,5.9636950768585955,validacao
1503606,Itaituba,PA,Municipal,1827,59.22088118757646,82.88322984732174,0.0007053704415769529,5.964400447300172,treino
3304300,Rio Bonito,RJ,Municipal,528,57.61108871592918,52.96525717895466,0.0006999511966140097,5.965100398496786,teste
1720804,Sítio Novo do Tocantins,TO,Municipal,144,50.62590425866516,90.89886860509966,0.0006990034214013262,5.965799401918187,treino
4302303,Bom Jesus,RS,Estadual,73,42.577470182899795,79.31532866222805,0.000698108285434308,5.966497510203622,treino
2911006,Floresta Azul,BA,Municipal,78,41.02564102564103,99.25945235212394,0.0006980063372231035,5.967195516540845,validacao
4214409,Rio das Antas,SC,Municipal,64,44.532720050177716,66.07185715427806,0.0006969793831907537,5.967892495924036,treino
3502754,Araçariguama,SP,Municipal,226,54.04495177129684,80.15273832891275,0.0006967817234563898,5.968589277647492,validacao
5108600,Vila Rica,MT,Municipal,275,55.228009921770656,64.6313625246038,0.0006965621534823187,5.969285839800975,treino
2706406,Pão de Açúcar,AL,Municipal,307,55.27029584305809,74.14858654667007,0.0006959647563997889,5.969981804557374,teste
1501956,Cachoeira do Piriá,PA,Municipal,141,52.032476610388215,96.51932986979148,0.0006937401634543672,5.970675544720828,treino
4315800,Roca Sales,RS,Municipal,83,44.97464816326531,61.68355253090891,0.0006934947944558347,5.9713690395152845,teste
3302403,Macaé,RJ,Municipal,2721,59.48066247648759,52.3282165429785,0.000693382673454184,5.972062422188738,treino
2926400,Riacho de Santana,BA,Municipal,198,52.525252525252526,99.6623897732402,0.0006923168411990049,5.972754739029938,treino
2806503,Santa Rosa de Lima,SE,Municipal,41,26.706096451319382,92.55958132264259,0.0006918446130290052,5.973446583642967,treino
4311627,Lindolfo Collor,RS,Municipal,61,36.0655737704918,88.60514048589913,0.0006893298557863539,5.9741359134987535,treino
1506104,Primavera,PA,Municipal,133,49.95210072533187,85.26323121955124,0.0006892758055741255,5.974825189304328,treino
2503803,Caldas Brandão,PB,Municipal,45,32.413010590015126,73.92392723497426,0.0006891458954149081,5.975514335199743,treino
2203255,Curralinhos,PI,Municipal,41,27.563959955506117,62.296706711927555,0.0006891425765422274,5.976203477776285,validacao
4305801,Constantina,RS,Municipal,82,45.683362887924865,62.182598303438596,0.0006875267520901303,5.976891004528375,validacao
5102637,Campo Novo do Parecis,MT,Estadual,78,44.23473261742055,73.94344409423272,0.0006847218381315029,5.977575726366506,teste
4113254,Laranjal,PR,Municipal,93,46.654411764705884,61.06929944244926,0.0006832705425206894,5.978258996909027,treino
4216503,São Joaquim,SC,Estadual,70,45.15963978714695,66.5548827360169,0.0006829424482499661,5.978941939357277,treino
2104602,Governador Eugênio Barros,MA,Municipal,106,48.13814551108929,62.99578566724278,0.0006814029654507787,5.979623342322728,treino
2111805,Sítio Novo,MA,Municipal,250,54.434099061283675,73.25492699939744,0.0006791333306618324,5.98030247565339,teste
1200385,Plácido de Castro,AC,Estadual,52,42.65574165562116,88.57545727434754,0.000678520287465236,5.980980995940855,treino
2926806,Rio do Antônio,BA,Municipal,89,43.82022471910113,82.78110950967333,0.0006785198133405675,5.981659515754195,treino
1303304,Novo Aripuanã,AM,Municipal,121,51.00574712643678,55.48517802019137,0.0006750549102618919,5.982334570664458,treino
2922300,Muritiba,BA,Municipal,174,51.724137931034484,95.38565013810693,0.0006744897536568313,5.983009060418115,treino
5002902,Cassilândia,MS,Municipal,230,54.37572928821471,69.59911389296857,0.0006733945256721924,5.9836824549437875,teste
2912608,Ibiquera,BA,Municipal,32,15.625,96.5948567814,0.0006717398305785172,5.984354194774366,treino
2926905,Rio do Pires,BA,Municipal,32,15.625,95.26646060751851,0.0006717398305785172,5.985025934604945,validacao
2806800,São Domingos,SE,Municipal,47,29.78723404255319,98.59465763773045,0.0006710286435755049,5.98569696324852,treino
1707405,Esperantina,TO,Municipal,99,47.79669718490631,94.86538131179721,0.0006706555074612576,5.986367618755981,treino
2500809,Araçagi,PB,Municipal,104,47.84055991806077,64.28946452324766,0.0006698831583759863,5.987037501914357,teste
4211108,Monte Castelo,SC,Municipal,60,43.208556149732615,59.19215001565357,0.000665948397750654,5.987703450312107,validacao
4317004,Santana da Boa Vista,RS,Municipal,24,13.125,73.5162839729945,0.0006653154413179731,5.9883687657534255,treino
1302801,Maraã,AM,Municipal,100,48.423035962972065,93.09940114042828,0.0006642453419407738,5.9890330110953665,validacao
2804300,Muribeca,SE,Municipal,35,22.017852312685964,93.33696039485545,0.0006640130208531231,5.98969702411622,treino
2202505,Caracol,PI,Municipal,118,49.30729048376107,62.18391407357002,0.0006633909692878221,5.990360415085507,treino
1703883,Carmolândia,TO,Municipal,36,27.458256029684602,91.17300440415043,0.0006632473095132134,5.991023662395021,treino
2801009,Campo do Brito,SE,Estadual,24,8.333333333333334,95.5753686265341,0.0006630576596457434,5.991686720054666,validacao
2924108,Pedrão,BA,Municipal,30,13.333333333333334,98.15291318889568,0.0006623521621387554,5.992349072216805,validacao
2512002,Pocinhos,PB,Municipal,218,54.07166123778501,77.55263014489984,0.0006617139903347199,5.993010786207139,treino
2909505,Cravolândia,BA,Municipal,55,34.54545454545455,87.75019213895902,0.0006611668504670682,5.993671953057606,teste
2933174,Varzedo,BA,Municipal,70,40.0,95.68310757451852,0.0006604556634640559,5.99433240872107,teste
2111102,São João dos Patos,MA,Municipal,276,55.13637609649122,67.84859806088966,0.0006591357003864656,5.994991544421457,treino
1714302,Nazaré,TO,Municipal,50,34.22222222222222,89.6368175502135,0.0006574212655845368,5.9956489656870415,treino
2507903,Juripiranga,PB,Municipal,93,46.55172413793104,78.64667831765864,0.0006570505000936331,5.996306016187135,treino
1716604,Peixe,TO,Municipal,63,42.901234567901234,83.55155253106281,0.0006528222562983909,5.996958838443433,treino
3509700,Campos do Jordão,SP,Municipal,442,57.119038141447824,76.25580839431603,0.00065266869771576,5.997611507141149,validacao
5108501,Vera,MT,Municipal,176,52.771159225111376,71.22403702666955,0.0006525349367491733,5.998264042077897,validacao
2211357,Várzea Branca,PI,Municipal,48,31.25,70.84753356745796,0.0006520162443616437,5.998916058322259,teste
2508208,Lagoa de Dentro,PB,Municipal,68,42.80539595303523,70.3345920001244,0.0006488841768003776,5.99956494249906,treino
1200302,Feijó,AC,Municipal,173,53.34296028880866,77.69510300632602,0.0006458644767855875,6.000210806975845,treino
4311775,Maquiné,RS,Estadual,50,36.852300294414576,85.14757411261425,0.0006447214940255528,6.000855528469871,treino
1716307,Pau D'Arco,TO,Municipal,58,37.96610169491525,94.26118611813156,0.0006442429704187196,6.001499771440289,treino
3535507,Paraguaçu Paulista,SP,Municipal,404,56.925784345309054,76.50157543790661,0.0006402076508148754,6.002139979091104,treino
2405009,Jaçanã,RN,Municipal,58,39.109673444239064,83.83275773845892,0.0006399298583077845,6.002779908949412,validacao
4303509,Camaquã,RS,Municipal,326,56.34868798266103,88.6511444538534,0.0006398305558781741,6.00341973950529,treino
2708907,Satuba,AL,Municipal,269,55.10639812113016,87.85291800917737,0.0006386923929225432,6.004058431898213,treino
2511806,Pirpirituba,PB,Municipal,59,41.497809419496164,80.82215301515816,0.0006372690706671815,6.00469570096888,teste
1706506,Darcinópolis,TO,Municipal,82,45.607317592001706,92.60507225107601,0.0006371277815159161,6.005332828750396,validacao
1303106,Nova Olinda do Norte,AM,Estadual,102,48.0116907271278,84.84119695643359,0.0006364218098842592,6.00596925056028,treino
2511301,Piancó,PB,Municipal,55,38.95921237693389,79.6650527342319,0.000635327530148958,6.006604578090429,treino
5004908,Jaraguari,MS,Municipal,87,45.21224086870681,74.87528769786852,0.0006348922837031145,6.007239470374132,treino
5006002,Nova Alvorada do Sul,MS,Municipal,381,56.51844365841334,87.41263229994996,0.0006345779390477841,6.007874048313179,treino
2414159,Tenente Laurentino Cruz,RN,Municipal,52,37.19232727890002,80.13345075560292,0.0006342408364083551,6.008508289149588,validacao
2209658,São Francisco de Assis do Piauí,PI,Municipal,57,36.86477174849268,69.39045607742777,0.0006339971363286567,6.0091422862859165,treino
4311122,Jaquirana,RS,Municipal,28,25.641025647600262,79.05429557492663,0.0006334779631976771,6.009775764249114,validacao
2920452,Mansidão,BA,Municipal,59,37.28813559322034,99.07128378616876,0.0006325297204791077,6.0104082939695935,treino
2923050,Novo Triunfo,BA,Municipal,64,39.0625,99.98538124667378,0.0006322926581447702,6.011040586627738,treino
1200054,Assis Brasil,AC,Municipal,103,49.148712983135646,88.03178632652512,0.0006317270274150408,6.011672313655153,treino
4304200,Candelária,RS,Municipal,183,53.17157578443008,72.83864975760208,0.0006316421562593418,6.012303955811412,treino
3529401,Mauá,SP,Municipal,79,46.03514997017427,91.37303000115368,0.0006310720847878817,6.012935027896201,treino
2101251,Bacabeira,MA,Municipal,194,53.73883928571428,76.52637211468785,0.000628165877028625,6.013563193773229,treino
2100501,Alto Parnaíba,MA,Municipal,156,51.99067431850789,62.865248823541386,0.0006273010736329612,6.014190494846862,teste
4310108,Igrejinha,RS,Estadual,41,33.96316091009286,90.49333677629602,0.0006271620621576398,6.01481765690902,validacao
2109304,Presidente Vargas,MA,Municipal,94,47.80971622738544,72.00646550142594,0.0006241903416817859,6.0154418472507025,treino
2922730,Nova Fátima,BA,Municipal,47,31.914893617021278,91.1791484713531,0.0006236161767080206,6.01606546342741,validacao
2412906,São Tomé,RN,Municipal,48,37.696600710299336,90.466484463344,0.0006224721138825082,6.0166879355412926,teste
2931806,Tremedal,BA,Municipal,77,42.857142857142854,95.72439063705629,0.0006221938027019961,6.017310129343994,treino
5107040,Primavera do Leste,MT,Municipal,1037,58.79805545492076,60.51744627041287,0.000620111921281848,6.017930241265276,treino
3546009,Santa Branca,SP,Municipal,106,49.71487339554168,68.58656105000208,0.0006181145251462903,6.018548355790422,treino
1301407,Eirunepé,AM,Estadual,251,55.349715124611144,82.09331318319268,0.0006172112265588909,6.019165567016981,validacao
1703891,Carrasco Bonito,TO,Municipal,34,23.86237513873474,92.53558877243842,0.000615791223176211,6.019781358240158,validacao
1304260,Uarini,AM,Estadual,55,37.9817444219067,85.50333635579089,0.0006147898718759699,6.020396148112034,treino
2415008,Vila Flor,RN,Municipal,50,39.042861746696744,93.8142580383623,0.0006137041263847045,6.021009852238418,treino
2802502,General Maynard,SE,Municipal,32,21.92544760786616,89.4464222191831,0.0006134191774588308,6.021623271415876,treino
5107958,Tangará da Serra,MT,Municipal,1185,58.94527069417279,54.290604567433896,0.0006132873708009349,6.022236558786678,teste
5100409,Alto Garças,MT,Municipal,172,52.898393399913154,70.17666402716398,0.0006116094435984984,6.022848168230277,treino
1300805,Borba,AM,Estadual,202,54.12971423452476,74.2276891973914,0.0006108024834124143,6.023458970713689,treino
4319604,São Sepé,RS,Municipal,112,50.12360121742334,74.68928080142967,0.0006106917792469955,6.024069662492936,treino
1302207,Juruá,AM,Estadual,86,49.179645206962604,56.895759957126245,0.0006102899546455769,6.024679952447581,validacao
2503555,Cacimbas,PB,Municipal,105,47.88666541986161,71.29513651644423,0.0006091108065945822,6.025289063254176,validacao
2601904,Bezerros,PE,Municipal,401,56.84426034376042,77.55563505079147,0.0006085835799630159,6.025897646834139,teste
4310603,Itaqui,RS,Estadual,157,53.03595190651323,90.81457985986387,0.0006085755151261087,6.026506222349265,treino
3501152,Alumínio,SP,Municipal,189,53.67718457275073,72.12675881495254,0.0006077803967441249,6.027114002746009,teste
3523503,Itatinga,SP,Municipal,210,54.17897898054483,51.511801786087155,0.000607594897179097,6.027721597643188,treino
2507606,Juarez Távora,PB,Municipal,50,35.80711998493124,74.75857104924577,0.0006064485965799735,6.028328046239768,teste
2401008,Apodi,RN,Estadual,33,27.1516393442623,89.12232964859992,0.0006061664924021117,6.02893421273217,treino
4302303,Bom Jesus,RS,Municipal,55,40.243814245778744,82.22579218784031,0.0006057663672104841,6.029539979099381,treino
4308102,Feliz,RS,Estadual,60,39.94222681123621,86.92666607098933,0.0006055982331915969,6.030145577332572,treino
2100477,Alto Alegre do Pindaré,MA,Municipal,332,56.295334593999605,77.19789871204311,0.0006055373289667792,6.0307511146615385,treino
2405504,Jardim de Angicos,RN,Municipal,38,31.589448015960986,93.17297305299279,0.0006054993989932861,6.031356614060532,treino
2919009,Lajedinho,BA,Municipal,33,21.21212121212121,88.74443470304047,0.0006053149644971718,6.031961929025029,teste
2504801,Coremas,PB,Municipal,106,48.7109786039986,71.98956571147895,0.0006049811807304246,6.03256691020576,treino
2933257,Vereda,BA,Municipal,53,35.84905660377358,81.18508853115354,0.000604366715159822,6.033171276920919,treino
4320354,Sentinela do Sul,RS,Municipal,30,23.4948981170554,70.37236546480509,0.0006041194800350409,6.033775396400954,treino
2930766,Sítio do Quinto,BA,Municipal,73,42.465753424657535,96.59476845666433,0.0006034184658224722,6.034378814866777,treino
4321105,Tapes,RS,Estadual,47,37.613731120216805,78.64587012532853,0.00060228877186184,6.034981103638639,teste
5105507,Vila Bela da Santíssima Trindade,MT,Municipal,148,52.38968413580977,63.92996883112553,0.000601993247068435,6.035583096885707,teste
5100102,Acorizal,MT,Municipal,62,40.41180086047941,64.62341293432831,0.0006013285242829537,6.03618442540999,treino
4316972,Santa Margarida do Sul,RS,Municipal,35,25.737908910941524,66.11360706847069,0.000599292340875903,6.0367837177508665,treino
4317301,Santa Vitória do Palmar,RS,Estadual,86,47.159312369142434,95.82118190172926,0.0005980267655304098,6.037381744516397,validacao
2408607,Paraná,RN,Municipal,35,27.596819697358296,87.91179648655132,0.0005971604943206332,6.037978905010718,treino
4318101,São Francisco de Assis,RS,Municipal,64,45.59594804639587,89.98939901976183,0.0005968075473498386,6.0385757125580675,treino
2412708,São Pedro,RN,Municipal,11,0.0,95.73270474183573,0.0005966854214026208,6.0391723979794705,treino
2411700,São Bento do Trairí,RN,Municipal,42,33.62573099415205,88.69507035028839,0.0005964545226889761,6.039768852502159,validacao
1200328,Jordão,AC,Estadual,51,41.136974037600716,87.7862836055178,0.0005962108226092773,6.040365063324768,treino
2703700,Jaramataia,AL,Municipal,62,40.275171982489056,89.27377393788824,0.0005951231806193371,6.040960186505387,teste
2401305,Campo Grande,RN,Municipal,71,43.78051914674891,96.46623238644904,0.0005947505186297587,6.041554937024017,treino
2402105,Campo Redondo,RN,Municipal,52,39.73925639787542,97.75683492144096,0.0005938823963614152,6.042148819420379,treino
2903276,Barrocas,BA,Municipal,91,46.15384615384615,97.60603232140585,0.0005930825480453608,6.042741901968424,treino
2500536,Alcantil,PB,Municipal,87,45.8623791319991,71.36862516353193,0.0005919474935885531,6.043333849462012,treino
3521150,Ipiguá,SP,Municipal,68,43.29629624879013,61.87399013830368,0.0005904169139118766,6.0439242663759245,treino
2506103,Fagundes,PB,Municipal,60,41.674021771109146,63.167923557764794,0.0005874414127374674,6.044511707788662,treino
2501609,Barra de Santa Rosa,PB,Municipal,76,45.82954545454545,74.25920441349159,0.0005870611647531902,6.045098768953416,treino
2927804,Santa Cruz da Vitória,BA,Municipal,54,37.03703703703704,94.65997283405895,0.0005853543159459608,6.045684123269361,treino
2901957,Apuarema,BA,Municipal,74,43.24324324324324,98.6145495635368,0.0005844060666086113,6.04626852933597,validacao
2912509,Ibipitanga,BA,Municipal,94,46.808510638297875,97.89762918696404,0.0005834578172712613,6.046851987153241,treino
1505007,Nova Timboteua,PA,Municipal,120,51.66353635631876,86.51738650883992,0.0005821738876684893,6.0474341610409095,validacao
2402808,Coronel Ezequiel,RN,Municipal,40,32.64490339773484,90.36158784666793,0.0005818917834906285,6.0480160528244005,validacao
1717503,Pium,TO,Municipal,64,43.0958904109589,91.66217584269927,0.0005816087310634295,6.048597661555464,treino
3549409,São Joaquim da Barra,SP,Municipal,112,50.242782081835,78.24176867482386,0.000581498117659696,6.049179159673123,treino
5007554,Santa Rita do Pardo,MS,Municipal,137,51.30532685947505,75.72541281795888,0.0005790906549480978,6.049758250328071,treino
1712009,Lajeado,TO,Municipal,55,38.146167557932266,84.26455199519162,0.0005786170044040915,6.050336867332475,treino
1712702,Mateiros,TO,Municipal,22,9.090909090909092,76.68769238372212,0.0005776744445627657,6.050914541777038,teste
4311981,Mariana Pimentel,RS,Municipal,20,21.875,74.00830167740516,0.0005769148968435486,6.051491456673881,teste
2922854,Nova Redenção,BA,Municipal,37,27.027027027027028,97.75659205260416,0.0005766778345092112,6.05206813450839,treino
3135209,Januária,MG,Municipal,80,47.12135564677402,71.07898081746302,0.000575634286113458,6.052643768794504,treino
2209005,Rio Grande do Piauí,PI,Municipal,67,41.791044776119406,58.845558140584444,0.0005752554605031865,6.053219024255007,treino
3526605,Lavrinhas,SP,Municipal,83,46.14327685324294,67.61689853235325,0.0005739713639706018,6.053792995618978,validacao
2931004,Tanhaçu,BA,Municipal,97,47.422680412371136,91.18250333845455,0.0005738330864971619,6.054366828705475,validacao
2910750,Fátima,BA,Municipal,117,49.572649572649574,99.54138460080209,0.0005728848371598124,6.054939713542635,treino
3149150,Pedras de Maria da Cruz,MG,Municipal,75,46.045230168752155,67.50877793845846,0.0005722158472523122,6.055511929389887,validacao
5103908,General Carneiro,MT,Estadual,29,36.66987487969201,86.57182370420941,0.0005721760207801435,6.056084105410667,treino
1718006,Porto Alegre do Tocantins,TO,Municipal,47,37.95049144521296,89.95558837567218,0.0005717497827030049,6.0566558551933705,treino
5106778,Porto Alegre do Norte,MT,Municipal,158,53.26308821095603,74.58442744845584,0.0005704065875166493,6.057226261780887,treino
2907400,Catolândia,BA,Municipal,35,25.714285714285715,96.31062286099835,0.0005672901660694493,6.057793551946956,treino
4322541,Vale Real,RS,Municipal,40,35.01352820844607,78.04399624311225,0.0005663659245277876,6.058359917871484,treino
2507309,Jacaraú,PB,Municipal,113,51.19924181672378,79.11556494790753,0.000565859731944057,6.058925777603428,teste
1715101,Novo Acordo,TO,Municipal,47,36.087217443488704,83.65877346732836,0.0005643984797152013,6.059490176083143,treino
3527306,Louveira,SP,Municipal,624,58.24564961091217,50.135749727385715,0.0005639608240854563,6.060054136907229,teste
1703800,Buriti do Tocantins,TO,Municipal,113,50.39193729003359,91.0434589292245,0.0005635910454044487,6.060617727952633,treino
4320404,Serafina Corrêa,RS,Municipal,107,50.70951621695074,66.46457980597923,0.000562109112938549,6.061179837065572,validacao
4220000,Balneário Rincão,SC,Municipal,164,54.651162790697676,74.8778198389181,0.0005607320736523388,6.061740569139224,treino
2608206,Joaquim Nabuco,PE,Municipal,92,47.340425531914896,76.78853340820183,0.0005597515838375192,6.062300320723062,treino
1304203,Tefé,AM,Estadual,416,57.31787498904181,72.06550764012385,0.0005586004091419772,6.062858921132204,treino
2922201,Muniz Ferreira,BA,Municipal,63,41.26984126984127,91.49277852256901,0.0005564801236236631,6.063415401255828,treino
3305000,São João da Barra,RJ,Municipal,554,58.22120964621932,87.54502960308919,0.0005554896771907993,6.063970890933018,validacao
2927903,Santa Inês,BA,Municipal,93,47.31182795698925,87.36944126362519,0.0005550577496176384,6.064525948682636,treino
4321501,Torres,RS,Estadual,180,54.219307580708964,91.9510358771225,0.0005535883338248939,6.065079537016461,treino
2405405,Japi,RN,Estadual,22,18.18181818181818,84.71717085035493,0.0005526425585554086,6.065632179575017,validacao
4305173,Cerro Grande do Sul,RS,Municipal,53,41.74231145927889,84.60649977821258,0.0005509765091620982,6.066183156084179,validacao
4211058,Monte Carlo,SC,Municipal,118,52.66242673650081,61.94490556978902,0.000550345898660347,6.0667335019828394,treino
2911402,Glória,BA,Estadual,21,4.761904761904762,99.12639776779191,0.0005489889538586003,6.067282490936698,validacao
4202503,Bom Jardim da Serra,SC,Municipal,28,28.744939271255056,65.63471489498724,0.0005472797344280277,6.067829770671126,validacao
2913804,Ipecaetá,BA,Municipal,86,46.51162790697674,96.03175941487845,0.0005459071435122138,6.068375677814638,teste
4220000,Balneário Rincão,SC,Estadual,45,39.68981318293972,59.920621082033456,0.0005436910848108276,6.068919368899449,treino
4301107,Arroio dos Ratos,RS,Estadual,39,35.04253298959276,85.13684525079708,0.0005421347563858686,6.069461503655835,treino
4307906,Farroupilha,RS,Estadual,149,52.79893656844126,84.84196772074904,0.0005420530817929085,6.070003556737627,treino
2400703,Alto do Rodrigues,RN,Municipal,137,52.52179528576041,87.57546714657866,0.0005416945458310374,6.070545251283458,treino
2403509,Espírito Santo,RN,Municipal,72,47.093806104129264,95.9671897334926,0.0005411127948625739,6.071086364078321,treino
2105500,João Lisboa,MA,Municipal,245,55.83006069260978,72.41880777772121,0.0005404973810426341,6.071626861459364,teste
5105101,Juara,MT,Estadual,178,54.020906644587036,86.16855928753697,0.0005386416570894407,6.072165503116453,teste
1712405,Lizarda,TO,Municipal,21,19.444444444444446,87.01397782369669,0.000538601830617272,6.0727041049470705,treino
3509452,Campina do Monte Alegre,SP,Municipal,65,43.46445860093418,52.29510349617321,0.0005376821900098425,6.07324178713708,teste
2412005,São Gonçalo do Amarante,RN,Estadual,60,44.386637458926614,97.37861825866358,0.0005372287655767895,6.073779015902657,treino
2411056,Tibau,RN,Municipal,18,22.22222222222222,82.91378422340838,0.0005369907549931148,6.07431600665765,teste
3522901,Itapuí,SP,Municipal,147,53.04317123170302,83.83608751488902,0.0005331626260630646,6.074849169283713,validacao
1704600,Chapada de Areia,TO,Municipal,16,6.25,74.12887393530274,0.0005331550864235353,6.075382324370136,treino
5001003,Aparecida do Taboado,MS,Municipal,434,57.505912706944734,75.09141731108679,0.0005279330773227515,6.075910257447459,treino
2103554,Conceição do Lago-Açu,MA,Municipal,179,54.247702229218504,71.18066656700204,0.0005277514875746486,6.076438008935034,treino
2414605,Upanema,RN,Estadual,22,22.72727272727273,84.07662442984272,0.0005273252494975096,6.076965334184531,teste
5103502,Diamantino,MT,Estadual,74,46.316432498472814,82.86231876220198,0.0005271389185027203,6.0774924731030335,treino
2502003,Belém do Brejo do Cruz,PB,Municipal,55,40.064331665475336,68.91433824394262,0.0005262802787277501,6.078018753381762,treino
2402501,Carnaubais,RN,Municipal,50,42.285714285714285,98.94642494836766,0.0005261361448284731,6.07854488952659,treino
1302702,Manicoré,AM,Municipal,351,57.00976042590949,94.60177761788185,0.0005250845363133531,6.079069974062904,teste
4309001,Giruá,RS,Municipal,83,46.87306497060644,72.58173413780783,0.0005249932615872063,6.079594967324491,treino
1505650,Placas,PA,Municipal,196,55.73529411764706,91.24422078599692,0.0005236612140579895,6.080118628538549,validacao
5007703,Sete Quedas,MS,Municipal,162,53.08641975308642,61.78018606860023,0.0005233388092832914,6.080641967347832,treino
2407203,Macau,RN,Estadual,34,32.95009784735812,95.21887522915911,0.0005223488369750982,6.0811643161848075,treino
4200101,Abelardo Luz,SC,Estadual,24,34.51940850277265,86.239589809299,0.0005208126730485918,6.081685128857856,treino
2101509,Barão de Grajaú,MA,Municipal,120,51.571038251366126,78.66817696313134,0.0005203157903958204,6.082205444648252,treino
4208807,Jaguaruna,SC,Municipal,207,56.27934660406058,71.88047355404144,0.0005191465989628683,6.0827245912472145,teste
3502309,Anhembi,SP,Municipal,66,45.6906728459498,64.70132304962775,0.0005187484233861018,6.0832433396706005,treino
4313201,Nova Petrópolis,RS,Municipal,132,52.254127975180594,60.89424812678956,0.0005183888045661591,6.083761728475166,treino
5007505,Rochedo,MS,Municipal,90,48.99489948994899,81.04546336321718,0.0005169860128477171,6.084278714488014,validacao
3557204,Chavantes,SP,Municipal,112,51.57832461952543,71.17626256093726,0.0005168620169243587,6.084795576504939,teste
2405405,Japi,RN,Municipal,35,31.342105263157894,94.69494235029127,0.0005145200904459393,6.085310096595385,validacao
4301073,Arroio do Padre,RS,Municipal,22,18.205128181459564,56.784526703188334,0.0005139827573539704,6.085824079352739,validacao
2701506,Campo Grande,AL,Municipal,46,37.38532110091743,66.88097180612891,0.0005119617137337699,6.086336041066473,treino
2400604,Almino Afonso,RN,Municipal,28,21.428571428571427,92.09061473657523,0.0005107270930965406,6.086846768159569,treino
1711100,Itaporã do Tocantins,TO,Municipal,25,23.999999999999996,70.66074178127772,0.0005106322681628057,6.087357400427732,treino
2903102,Barra do Rocha,BA,Municipal,53,39.62264150943396,98.0932480470109,0.0005095417814248535,6.087866942209157,treino
2111078,São João do Soter,MA,Municipal,161,53.42829550941574,81.17472032007744,0.0005083716417425646,6.088375313850899,treino
2921450,Mirante,BA,Municipal,78,46.15384615384615,89.64218302759207,0.0005083564697531664,6.088883670320652,treino
4302352,Bom Princípio,RS,Estadual,39,35.00612001167061,81.28811135583109,0.0005075205083235718,6.089391190828976,validacao
2804409,Neópolis,SE,Estadual,62,43.18537042825883,96.87986248836377,0.0005070298689302144,6.089898220697906,validacao
4307609,Estância Velha,RS,Estadual,25,24.264705838235294,83.18876290921621,0.000506867164506432,6.090405087862412,treino
2608800,Lajedo,PE,Municipal,407,57.41769093148075,85.46834201052228,0.0005065363051501231,6.090911624167562,treino
3530102,Mirandópolis,SP,Municipal,162,54.12812595933446,60.84078516445566,0.0005062687537832901,6.091417892921346,treino
1701903,Araguacema,TO,Municipal,84,49.266393851681805,85.189883543698,0.0005051234136374727,6.091923016334983,validacao
1500958,Aurora do Pará,PA,Municipal,216,55.547781710428836,97.2364392384454,0.0005013877853729833,6.092424404120355,treino
1703057,Bandeirantes do Tocantins,TO,Municipal,45,36.95652173913044,91.24679540082028,0.000500391175319429,6.092924795295675,treino
2924058,Pé de Serra,BA,Municipal,51,39.21568627450981,99.79407893343722,0.0005001541129850916,6.09342494940866,treino
2408904,Parelhas,RN,Municipal,100,50.722744688261926,95.95967736938188,0.0004996875743111153,6.093924636982971,treino
5001508,Bandeirantes,MS,Municipal,128,52.431934203062966,74.1662451719326,0.0004993936170165367,6.0944240305999875,validacao
2921302,Milagres,BA,Municipal,76,46.05263157894737,99.64323773943197,0.0004989688013134045,6.094922999401301,treino
2904001,Boninal,BA,Municipal,96,48.958333333333336,94.16904689600709,0.0004980205519760548,6.095421019953277,validacao
2609808,Orocó,PE,Municipal,116,50.86206896551724,74.58135319668638,0.0004970723026387049,6.095918092255916,treino
2102150,Brejo de Areia,MA,Municipal,93,49.3077311773623,80.52443122324536,0.0004969324358614462,6.096415024691777,validacao
2201408,Barro Duro,PI,Municipal,50,40.16578749058025,68.08884128866362,0.0004966417974395485,6.096911666489216,treino
2206704,Nazaré do Piauí,PI,Municipal,48,38.98880895283773,51.60139356863941,0.0004961221568026807,6.097407788646019,teste
4202602,Bom Retiro,SC,Municipal,67,47.353258912495505,79.20464095302752,0.0004955878183010841,6.097903376464321,treino
3304102,Porciúncula,RJ,Municipal,123,52.387115329306866,87.139921904046,0.0004954090733009938,6.098398785537622,validacao
3519253,Iaras,SP,Municipal,54,42.77239238987026,62.63081347497219,0.0004953579047805712,6.098894143442402,teste
2600609,Alagoinha,PE,Municipal,171,53.88035569927243,69.42027019489505,0.0004942664328494873,6.099388409875252,teste
2401909,Caiçara do Rio do Vento,RN,Municipal,36,32.56059009483667,94.71205640084675,0.0004920484776494264,6.099880458352902,treino
2918605,Jussiape,BA,Municipal,39,33.333333333333336,89.95275187863302,0.0004912405692140047,6.100371698922116,treino
5001102,Aquidauana,MS,Municipal,644,58.40923152184861,65.61938709852365,0.0004912400950893367,6.100862939017205,treino
2930006,Sebastião Laranjeiras,BA,Municipal,59,42.3728813559322,90.28764959197316,0.0004902923198766549,6.1013532313370815,treino
2508000,Juru,PB,Municipal,82,47.76470588235294,62.90177666534353,0.0004890595957381001,6.10184229093282,treino
1301654,Guajará,AM,Municipal,158,54.66768138001015,78.81707023329125,0.0004889600295576786,6.1023312509623775,treino
2514602,São José do Bonfim,PB,Municipal,31,29.611078373600478,57.26024137948106,0.00048740300414575033,6.102818653966524,treino
2406403,Lagoa de Velhos,RN,Municipal,27,29.6732410950839,81.82197366255734,0.00048683263216933454,6.103305486598693,treino
4302709,Butiá,RS,Estadual,67,45.83778130707153,82.0984992180154,0.00048670886950583027,6.103792195468198,validacao
3533403,Nova Odessa,SP,Municipal,491,57.95973175888151,69.12647837195647,0.0004866424616560841,6.104278837929854,treino
2409704,Pedro Avelino,RN,Municipal,25,21.868050407709415,95.22576560423072,0.00048650027077659365,6.104765338200631,treino
3513207,Cristais Paulista,SP,Municipal,90,49.45986499889768,53.06992801359034,0.00048509270274520487,6.105250430903376,treino
2500502,Alagoinha,PB,Municipal,141,53.092749184366475,63.01952429779967,0.00048473605288445375,6.1057351669562605,teste
3512605,Coronel Macedo,SP,Municipal,44,38.690475994543654,57.802047075469574,0.00048268600799703757,6.1062178529642575,validacao
3520103,Igarapava,SP,Municipal,209,55.5976774532046,72.36662088201673,0.00048140158821573627,6.106699254552473,teste
3171030,Verdelândia,MG,Estadual,84,48.753979580634535,71.13933917088578,0.0004813745089835497,6.107180629061457,treino
4307559,Estação,RS,Municipal,68,45.41642567499794,78.19282516677248,0.0004806913873446223,6.107661320448801,treino
2109601,Rosário,MA,Municipal,388,57.59156341107872,57.207248588767314,0.0004805234552032788,6.108141843904004,treino
2509909,Natuba,PB,Municipal,74,47.26840855106889,55.30649319042471,0.0004790560393537296,6.108620899943358,teste
5004403,Inocência,MS,Municipal,122,51.705930138099106,80.8173115214362,0.00047824481204562677,6.109099144755404,treino
2603207,Caetés,PE,Municipal,364,57.247672645032345,74.74740535475777,0.00047818981358406027,6.109577334568987,treino
4305900,Coronel Bicaco,RS,Municipal,38,36.03259470406345,68.39487378829891,0.0004752772865632054,6.110052611855551,teste
2800605,Barra dos Coqueiros,SE,Estadual,30,28.62047440699126,67.5325412750305,0.0004751658464472526,6.110527777701998,teste
4312252,Minas do Leão,RS,Estadual,30,33.55560842807185,73.49246453886987,0.00047463997017963753,6.111002417672178,teste
3104700,Ataléia,MG,Estadual,31,32.11902113459399,66.87539109279619,0.00047365244050484264,6.1114760701126825,validacao
2205805,Luzilândia,PI,Municipal,208,55.15780454134337,82.95041714460585,0.0004723196760611968,6.111948389788743,treino
1302207,Juruá,AM,Municipal,51,44.120443740095084,90.49683925790674,0.0004720811913528542,6.112420470980096,validacao
2709152,Teotônio Vilela,AL,Municipal,381,57.595714583864755,82.82114713473294,0.0004711267783948129,6.112891597758491,treino
4312377,Monte Alegre dos Campos,RS,Municipal,33,36.24338625283447,85.54136421037649,0.000471079724408865,6.1133626774828995,treino
4218004,Tijucas,SC,Estadual,41,44.87101669195751,89.20228265930245,0.000469577813102251,6.113832255296002,treino
4309654,Hulha Negra,RS,Municipal,47,42.840722488052776,82.46442792399421,0.0004691170198093735,6.114301372315811,validacao
1304104,Tapauá,AM,Estadual,71,47.24641393442623,75.94691817494692,0.0004684313796533952,6.114769803695465,treino
1718881,Santa Maria do Tocantins,TO,Municipal,41,39.76739440930423,84.89629955001794,0.0004678183364567984,6.115237622031922,validacao
2101806,Benedito Leite,MA,Municipal,72,47.25781650435674,59.722134520900404,0.0004677695016159252,6.115705391533537,treino
2704005,Junqueiro,AL,Municipal,272,56.65717690677966,82.15515446156736,0.000464448732436525,6.116169840265973,treino
1706001,Couto Magalhães,TO,Municipal,74,49.028101743863154,84.95796837733782,0.00046407180332493016,6.1166339120692985,validacao
2205581,Lagoa do Piauí,PI,Municipal,55,44.8668616284439,61.214225951070254,0.00046307898626872474,6.1170969910555675,treino
2900504,Érico Cardoso,BA,Municipal,43,37.2093023255814,74.33739440582725,0.000462603439226044,6.117559594494794,validacao
4312500,Mostardas,RS,Estadual,41,39.148936170212764,81.79951300516247,0.0004624137893585741,6.118022008284153,teste
2505402,Desterro,PB,Municipal,66,45.7771983195712,69.06511344286226,0.00046222271711709816,6.11848423100127,treino
2802106,Estância,SE,Estadual,58,43.10344827586207,97.0059401088438,0.0004618922522230317,6.118946123253493,treino
2919058,Lajedo do Tabocal,BA,Municipal,58,43.10344827586207,87.04105853192874,0.0004618922522230317,6.119408015505716,treino
3526100,Juquiá,SP,Municipal,194,55.17617089720306,70.71868329393757,0.00046137488733716123,6.1198693903930526,treino
4301909,Barra do Ribeiro,RS,Municipal,52,44.48204033829633,79.99149476929594,0.0004589077532291916,6.120328298146282,teste
2106706,Mirador,MA,Municipal,216,55.84824804638266,86.3425487376829,0.000457244882220681,6.120785543028503,treino
3534203,Orindiúva,SP,Municipal,77,48.14727964770284,69.2578480946844,0.0004569248840743524,6.121242467912577,treino
4304663,Capão do Leão,RS,Estadual,37,39.40314961956106,93.66649079813398,0.00045674893453227403,6.121699216847109,teste
4306809,Encantado,RS,Municipal,122,53.17055051782401,82.058627171065,0.0004562555158295912,6.122155472362938,treino
3301306,Casimiro de Abreu,RJ,Municipal,500,58.33726050993711,71.2060791886773,0.00045594815125185465,6.122611420514191,teste
1200708,Xapuri,AC,Municipal,106,51.909794457851376,91.43064465777103,0.00045524644674221654,6.123066666960932,treino
2200905,Aroazes,PI,Municipal,30,30.000000000000004,53.3160146796247,0.00045506011574742735,6.12352172707668,treino
2804607,Nossa Senhora das Dores,SE,Estadual,25,28.0,83.60919674832721,0.0004537373079218245,6.123975464384602,validacao
3524303,Jaboticabal,SP,Municipal,449,57.9365574363611,71.54106187152745,0.00045335636384192965,6.124428820748443,teste
2908309,Conceição do Almeida,BA,Municipal,51,41.1764705882353,95.6782706922352,0.00045274164611760733,6.124881562394561,treino
1713809,Palmeiras do Tocantins,TO,Municipal,82,49.538795442213775,95.77185902002078,0.00045268712178070993,6.125334249516342,treino
2924900,Planaltino,BA,Municipal,56,42.857142857142854,88.63173070101065,0.0004525045837832698,6.125786754100125,treino
1506708,Santana do Araguaia,PA,Municipal,561,58.496506068407506,85.22710796648092,0.0004523267870325176,6.126239080887157,teste
2906857,Capela do Alto Alegre,BA,Municipal,66,45.45454545454545,98.02323224287176,0.00045203045911459505,6.126691111346272,validacao
2910776,Feira da Mata,BA,Municipal,66,45.45454545454545,81.79584690201102,0.00045203045911459505,6.127143141805386,teste
4319802,São Vicente do Sul,RS,Municipal,59,45.69237144110294,73.07166290396285,0.00045132453588158424,6.127594466341268,treino
2413607,Severiano Melo,RN,Municipal,73,47.87072243346008,69.95814033197829,0.0004499964642859798,6.128044462805554,validacao
3552007,Silveiras,SP,Municipal,70,47.26666666666667,51.920263299104995,0.0004492331235694133,6.128493695929123,teste
4305124,Cerrito,RS,Municipal,41,39.74509531643718,56.59650893011003,0.00044912905796959233,6.128942824987092,teste
2413102,Senador Elói de Souza,RN,Estadual,17,23.52941176470588,86.85187582698522,0.00044852146244173265,6.129391346449534,treino
2703809,Joaquim Gomes,AL,Estadual,27,26.10872675250358,98.26051788127167,0.00044795488346266606,6.129839301332996,treino
2916856,Itatim,BA,Municipal,166,54.21686746987952,93.44934971479319,0.00044728921242784655,6.130286590545424,teste
2201705,Bertolínia,PI,Municipal,53,43.42266596601856,51.881960437387555,0.00044600480870040667,6.130732595354124,treino
1505494,Palestina do Pará,PA,Municipal,57,44.72069744914433,92.21666854823569,0.000445774858236099,6.131178370212361,treino
2502805,Brejo do Cruz,PB,Municipal,97,51.586035796562115,55.17510610684144,0.00044487781436296627,6.131623248026724,teste
4207106,Ilhota,SC,Estadual,27,41.671537112799534,83.5603886986872,0.000443622806364984,6.132066870833089,treino
2207306,Paes Landim,PI,Municipal,64,45.3125,55.503991865579614,0.00044264279067483315,6.132509513623764,treino
2203800,Flores do Piauí,PI,Municipal,54,43.259629101283885,64.6115671191929,0.00044244934781001373,6.132951962971574,treino
4318903,São Luiz Gonzaga,RS,Estadual,199,55.48102284455563,79.13166724988506,0.0004420758284750205,6.1333940388000485,treino
4313706,Palmeira das Missões,RS,Municipal,69,49.480981013568616,84.0807102498848,0.0004396523412883872,6.133833691141337,treino
2411502,Santo Antônio,RN,Estadual,69,48.640741192246736,83.36176395856127,0.00043790012161407885,6.1342715912629515,treino
5004502,Itaporã,MS,Estadual,31,32.02416918429004,57.45872572989141,0.00043747009053959055,6.134709061353491,treino
4314159,Paverama,RS,Municipal,47,40.68627438214869,67.44464994101567,0.0004372656574886578,6.13514632701098,teste
1718303,Praia Norte,TO,Municipal,39,38.48477806181733,96.31582374345207,0.00043690445980986163,6.13558323147079,treino
1506161,Rio Maria,PA,Municipal,219,56.30780036680065,97.35380670872836,0.00043646636861600414,6.136019697839406,treino
1200708,Xapuri,AC,Estadual,99,52.72727272727272,90.70284735460723,0.0004358082835758854,6.1364555061229815,treino
2701209,Cacimbinhas,AL,Municipal,157,54.188416604523994,93.90482031802483,0.0004357717759763967,6.1368912778989575,treino
2706422,Pariconha,AL,Estadual,35,34.406215316315205,93.56025517585067,0.00043562384907977074,6.137326901748037,treino
2910701,Euclides da Cunha,BA,Estadual,17,5.882352941176471,97.26886727334654,0.0004353886832441081,6.137762290431281,teste
3557303,Estiva Gerbi,SP,Municipal,84,51.47926127354671,55.51974998594259,0.0004351803186897859,6.138197470749971,teste
2610806,Pedra,PE,Municipal,174,54.86511730124719,74.42112387421219,0.0004344873722489565,6.13863195812222,treino
4311205,Júlio de Castilhos,RS,Estadual,35,40.40643745113231,92.77715102532565,0.0004343918029631986,6.139066349925183,validacao
2407906,Monte das Gameleiras,RN,Municipal,31,32.910645827189626,90.87247673065266,0.000433923163893234,6.139500273089076,teste
2408706,Paraú,RN,Municipal,14,14.285714285714286,87.19395228081378,0.00043296969918452913,6.139933242788261,treino
2513406,Santa Luzia,PB,Municipal,149,54.050243527300694,62.63383706121741,0.00043277910106772114,6.140366021889329,treino
4309654,Hulha Negra,RS,Estadual,16,20.28985513547574,62.05344856654962,0.0004319433691192083,6.140797965258448,validacao
2413300,Serra de São Bento,RN,Municipal,43,42.068155111633374,98.47028241708287,0.00043168766608043206,6.141229652924529,validacao
2922607,Nilo Peçanha,BA,Municipal,97,50.51546391752577,99.21121729457106,0.00043159568589470914,6.141661248610424,treino
4304101,Campos Borges,RS,Municipal,31,33.892857142857146,68.80851722881702,0.00043157197966127566,6.1420928205900855,treino
4300901,Aratiba,RS,Municipal,41,39.23988722381767,60.66277838416614,0.0004310006395317687,6.142523821229617,validacao
4318606,São José do Ouro,RS,Municipal,35,37.220394651356905,68.96246317431141,0.0004301184073369917,6.142953939636954,validacao
2414605,Upanema,RN,Municipal,38,44.00630914826498,97.22313756527423,0.0004299808172732027,6.1433839204542275,teste
2920601,Maragogipe,BA,Municipal,167,54.49101796407186,99.19189801097717,0.0004282768132139856,6.143812197267441,validacao
2805208,Pinhão,SE,Municipal,42,40.24390243902439,91.80541056662612,0.0004279487189432625,6.144240145986385,treino
2408300,Nova Cruz,RN,Estadual,18,22.22222222222222,78.81251179976516,0.00042766329589272016,6.144667809282278,treino
1708304,Goianorte,TO,Municipal,41,39.973351099267155,85.35449340413504,0.0004254306428279304,6.145093239925106,validacao
4319208,São Nicolau,RS,Municipal,14,7.142857142857143,85.04551834592998,0.00042522886391266893,6.145518468789018,treino
2206100,Matias Olímpio,PI,Municipal,111,52.04206836108676,72.85111648361402,0.0004250954366871772,6.145943564225705,teste
3300258,Arraial do Cabo,RJ,Municipal,377,58.05628177944295,87.5723521625091,0.00042463695813256894,6.146368201183837,treino
2913457,Igrapiúna,BA,Municipal,55,43.63636363636363,99.73044879401482,0.00042410451612964685,6.146792305699967,treino
2933109,Várzea do Poço,BA,Municipal,55,43.63636363636363,96.42420737813647,0.00042410451612964685,6.147216410216097,treino
3534302,Orlândia,SP,Municipal,293,57.15196566159733,80.66937931426814,0.00042344603007962055,6.147639856246177,treino
2706109,Ouro Branco,AL,Municipal,112,52.41935483870968,90.95184658044434,0.00042220612095627256,6.148062062367133,validacao
3302304,Laje do Muriaé,RJ,Municipal,64,48.364061282783695,68.65124545887633,0.00042125881986826034,6.148483321187001,validacao
1710508,Itacajá,TO,Municipal,44,41.07901444350042,67.28797153345538,0.0004201180759154289,6.1489034392629165,teste
4311718,Maçambará,RS,Municipal,42,43.4006211356622,83.12016078845741,0.0004198215827271301,6.149323260845644,treino
2412302,São José do Campestre,RN,Municipal,62,49.39242315939957,98.37804827186615,0.0004181808025192233,6.149741441648163,validacao
4320453,Sério,RS,Municipal,18,11.11111111111111,55.33641108122376,0.00041637628403024695,6.150157817932193,treino
5105903,Nobres,MT,Estadual,49,42.98921417565485,57.59231615352355,0.00041628525209386126,6.150574103184287,treino
1503903,Juruti,PA,Estadual,20,20.000000000000004,88.05990560510168,0.0004161866341627769,6.150990289818449,treino
2400307,Afonso Bezerra,RN,Estadual,17,23.529411764705884,87.60786339235568,0.0004133433085247339,6.151403633126974,treino
4203402,Campo Belo do Sul,SC,Estadual,33,37.688957212400716,63.75694638476307,0.0004110172529002151,6.151814650379874,teste
3516705,Garça,SP,Municipal,303,57.26932464771379,61.41159314726079,0.00040910392855090946,6.152223754308425,treino
4300307,Alecrim,RS,Estadual,52,44.5185186521164,57.447088783171885,0.00040839341858370096,6.152632147727009,treino
1301852,Iranduba,AM,Estadual,124,53.68588584243652,86.11271338104402,0.00040726218552431046,6.153039409912533,treino
2703908,Jundiá,AL,Municipal,52,44.33962264150943,86.49190666237565,0.00040665103882638845,6.153446060951359,teste
4216057,São Cristovão do Sul,SC,Municipal,50,50.74786324786325,57.99617675123165,0.00040615415617361705,6.153852215107533,treino
5105622,Mirassol d'Oeste,MT,Estadual,29,34.00846432889964,90.62571838612942,0.0004060839857226533,6.1542582990932555,treino
1300839,Caapiranga,AM,Estadual,52,45.37586967588665,84.98305823857339,0.00040580662279147853,6.154664105716047,validacao
2203271,Curral Novo do Piauí,PI,Municipal,73,48.352242031334406,72.31542027088311,0.00040537469521831614,6.155069480411266,treino
2410256,Porto do Mangue,RN,Municipal,40,42.47246022031824,87.83565436912278,0.00040504375619958066,6.155474524167465,treino
2702702,Feliz Deserto,AL,Municipal,61,45.90163934426229,91.57544732723103,0.0004048550545814483,6.155879379222046,validacao
2102358,Buritirana,MA,Municipal,156,54.90872923004914,56.95779678357474,0.0004044795478438586,6.15628385876989,validacao
2209872,São João da Fronteira,PI,Municipal,45,43.486626900134695,67.23852832870412,0.0004044297647536469,6.156688288534644,teste
4306403,Dois Irmãos,RS,Municipal,271,56.93064960482347,77.07631286805363,0.00040405073792012467,6.157092339272564,treino
4208104,Itaiópolis,SC,Estadual,127,54.69380271360469,60.603638605510724,0.0004038774095146411,6.157496216682079,treino
3549508,São José da Bela Vista,SP,Municipal,81,50.37847415815388,74.85324591514404,0.00040178073446605955,6.157897997416544,validacao
2110005,Santa Luzia,MA,Municipal,694,58.79482864336686,59.256450909146864,0.00040165329069388484,6.158299650707238,teste
1506401,Santa Cruz do Arari,PA,Municipal,104,52.332022873481066,83.02119616085766,0.00040158738736494103,6.1587012380946025,treino
2706307,Palmeira dos Índios,AL,Estadual,38,39.24390243902439,95.3272861729948,0.0004015361819007242,6.159102774276503,teste
3523305,Itariri,SP,Estadual,48,43.35511986287325,52.2686450829128,0.00040006112412398974,6.159502835400628,teste
4311809,Marau,RS,Estadual,123,53.40321976825449,86.72999932086127,0.0003973566023325933,6.159900192002961,treino
4310850,Jaboticaba,RS,Municipal,24,25.0,65.32432788827522,0.00039712682248204827,6.160297318825442,treino
2910305,Elísio Medrado,BA,Municipal,34,35.294117647058826,93.82433117994015,0.00039665269781337343,6.160693971523256,treino
2109759,Santa Filomena do Maranhão,MA,Municipal,44,40.90909090909091,76.40129673062297,0.0003961785731446985,6.161090150096401,treino
4300802,Antônio Prado,RS,Municipal,59,46.63976678336767,85.73116171998191,0.0003960812362652802,6.161486231332666,treino
2803708,Macambira,SE,Municipal,24,29.166666666666664,90.14328872111483,0.0003951772218444573,6.16188140855451,teste
1507961,Terra Alta,PA,Municipal,72,49.88561107766406,96.90185015289659,0.00039432711631352325,6.162275735670824,treino
2912301,Ibicuí,BA,Municipal,84,50.0,83.99028574823481,0.00039428207446999905,6.1626700177452935,teste
4313334,Nova Ramada,RS,Municipal,25,28.0,53.0431927993398,0.00039323900019891465,6.163063256745493,treino
3553807,Taquarituba,SP,Municipal,229,56.67437028658977,70.86907943901105,0.0003930431117184525,6.163456299857211,treino
4304408,Canela,RS,Estadual,177,55.743826950213624,92.81181488718195,0.00039174418182105015,6.163848044039032,treino
3506805,Bocaina,SP,Municipal,69,49.58862226336978,55.00936304012062,0.0003911102969479606,6.16423915433598,teste
2805604,Porto da Folha,SE,Estadual,18,16.666666666666664,83.58204244868892,0.00039110164619252845,6.164630255982172,teste
2400901,Antônio Martins,RN,Municipal,34,37.66198704103672,84.39393371180428,0.0003905345930887933,6.1650207905752605,teste
4320859,Tabaí,RS,Estadual,18,16.666666666666668,72.7038975926306,0.00038946182340353016,6.165410252398664,validacao
4322103,Tucunduva,RS,Municipal,12,16.666666666666668,62.017125736584575,0.0003894617988059425,6.16579971419747,treino
4305306,Chapada,RS,Municipal,59,47.45819721622578,72.0538633760063,0.0003893317340394124,6.166189045931509,treino
2203503,Elesbão Veloso,PI,Municipal,92,51.075268817204304,64.33567631280135,0.0003891141155814435,6.166578160047091,treino
2413508,Serrinha,RN,Municipal,56,48.06885577896716,77.90072581106838,0.00038778040288846093,6.1669659404499795,validacao
2407302,Marcelino Vieira,RN,Municipal,22,22.727272727272727,95.13303620923948,0.00038773915404228637,6.167353679604021,treino
4305439,Chuí,RS,Municipal,19,21.05263157894737,79.12825472123515,0.0003867884240467402,6.167740468028068,treino
1505551,Pau D'Arco,PA,Municipal,64,48.919211024047556,89.75034686492033,0.00038536758244957453,6.1681258356105175,treino
3305604,Silva Jardim,RJ,Municipal,260,57.353220596617895,67.85534849018356,0.00038130148929101874,6.168507137099809,treino
3514908,Elias Fausto,SP,Municipal,207,56.27797988951598,66.52602313009378,0.0003795208903204578,6.16888665799013,treino
2600401,Água Preta,PE,Municipal,174,55.5561590267217,53.25267360591661,0.00037919922051011493,6.16926585721064,treino
4302238,Boa Vista do Incra,RS,Municipal,23,26.60256425080128,68.45746329137616,0.0003788912613515977,6.169644748471991,treino
4318804,São Lourenço do Sul,RS,Estadual,65,51.59951163291107,90.28635328053242,0.00037780476017198805,6.170022553232163,treino
4202602,Bom Retiro,SC,Estadual,40,44.713740458015266,74.70032510973438,0.00037728944634469287,6.170399842678507,treino
5101803,Barra do Garças,MT,Estadual,57,47.31660844712608,64.2993941873524,0.00037574474817415003,6.170775587426681,treino
2923308,Ouriçangas,BA,Municipal,85,50.588235294117645,92.15855115075894,0.00037526967525613797,6.171150857101938,treino
2501500,Bananeiras,PB,Municipal,148,54.928150914730644,70.62348341539968,0.00037237893715122726,6.171523236039089,treino
1716505,Pedro Afonso,TO,Municipal,231,56.701072987638206,75.59081046166776,0.0003717559373365875,6.171894991976425,treino
4319158,São Miguel das Missões,RS,Municipal,61,47.47474746833413,67.62631301901824,0.00037114048178419555,6.172266132458209,treino
4321352,Tavares,RS,Estadual,12,16.666666666666668,73.6223142588953,0.0003689638171627627,6.172635096275372,validacao
2404705,Ipanguaçu,RN,Estadual,20,30.000000000000004,90.28484152314053,0.0003685845174278227,6.1730036807928,treino
2913309,Ichu,BA,Municipal,28,32.142857142857146,97.97473058445388,0.0003684896924940877,6.173372170485295,treino
2914307,Iramaia,BA,Municipal,33,36.36363636363637,98.84586973454297,0.00036825263015975035,6.173740423115454,validacao
2205458,Joca Marques,PI,Municipal,45,43.804573804573806,73.4906278860039,0.00036706257724137653,6.174107485692695,treino
2504504,Condado,PB,Municipal,52,46.126383434487686,62.82202974079012,0.00036583364610017106,6.174473319338795,treino
2409506,Pedra Grande,RN,Municipal,40,44.50659208949261,90.51025663095675,0.0003653576249328217,6.174838676963728,teste
2410405,Pureza,RN,Estadual,14,21.42857142857143,87.17371019708753,0.00036516987156402656,6.175203846835292,validacao
4202800,Braço do Norte,SC,Estadual,131,55.80824257954303,79.42602125766481,0.0003634013865498696,6.175567248221842,treino
3551108,Sarapuí,SP,Municipal,107,53.32498539090535,68.18234797910972,0.0003616156926403606,6.175928863914483,treino
3301405,Conceição de Macabu,RJ,Municipal,179,56.17955598926567,85.73966503635111,0.000361522430487911,6.176290386344971,treino
4304358,Candiota,RS,Municipal,27,40.94516587599206,81.28167438216983,0.0003594781680676249,6.176649864513038,teste
2410900,Riachuelo,RN,Estadual,13,15.384615384615383,83.69381858904678,0.00035943248894839227,6.1770092970019865,treino
4320602,Severiano de Almeida,RS,Estadual,31,35.483870967741936,61.3223490898318,0.00035886496171998845,6.177368161963707,treino
4310801,Ivoti,RS,Municipal,226,56.850235395708886,76.36022201940224,0.000357154251660422,6.177725316215367,treino
3509957,Canas,SP,Municipal,53,48.147977824075134,68.47264475822537,0.0003566031139356355,6.178081919329303,treino
2111532,São Pedro da Água Branca,MA,Municipal,157,55.63064342097791,81.09444624780365,0.00035644265878772874,6.178438361988091,treino
4204301,Concórdia,SC,Estadual,203,56.94845523952688,61.85157148923579,0.0003537543719163421,6.1787921163600075,validacao
1703107,Barrolândia,TO,Municipal,68,49.69165410442648,75.09865706039717,0.00035317688806989607,6.1791452932480775,validacao
2706208,Palestina,AL,Municipal,80,51.15212790971079,92.63806397991752,0.0003527933212129387,6.17949808656929,treino
1501253,Bannach,PA,Municipal,53,47.37375443337274,76.72912279274303,0.00035164831013808864,6.179849734879428,validacao
2514404,São José de Espinharas,PB,Municipal,47,44.7952739865553,70.22796101080948,0.0003515591747003778,6.180201294054129,validacao
4301305,Arroio Grande,RS,Estadual,61,49.60753368328102,92.33466172378813,0.0003513536795627743,6.180552647733692,validacao
3104502,Arinos,MG,Estadual,78,51.004934408472735,68.45997295918453,0.0003504212754955581,6.1809030690091875,treino
2404309,Governador Dix-Sept Rosado,RN,Municipal,52,48.19105046017137,79.06686957063927,0.0003498556447658291,6.181252924653953,treino
2614857,Tamandaré,PE,Municipal,258,57.19168014111421,79.53130091445445,0.0003494241913173348,6.181602348845271,validacao
2411007,Rodolfo Fernandes,RN,Municipal,34,41.05586878523834,87.31198095493362,0.00034862292062727465,6.181950971765898,treino
2414100,Tenente Ananias,RN,Municipal,87,52.249062890462305,93.93954978845511,0.0003483849100435998,6.182299356675941,treino
4209409,Laguna,SC,Estadual,214,57.767103347889375,64.95419619299976,0.00034736743850462265,6.182646724114446,treino
2514909,São Mamede,PB,Municipal,60,49.014336917562716,62.427364440264995,0.0003455913674957676,6.1829923154819415,teste
2111672,São Roberto,MA,Municipal,28,35.685752330226364,72.91982195484495,0.00034487638749540597,6.183337191869437,validacao
1505700,Ponta de Pedras,PA,Municipal,244,57.124268054651914,98.27037185492355,0.00034386887257447225,6.183681060742011,validacao
4311502,Lavras do Sul,RS,Municipal,40,45.7367793950462,83.07702534612143,0.00034247174476828725,6.18402353248678,treino
4305355,Charqueadas,RS,Estadual,76,51.41244103223641,91.64852574338367,0.00034205369853183127,6.1843655861853115,validacao
1717800,Ponte Alta do Bom Jesus,TO,Municipal,42,44.58598726114649,87.42492853288334,0.0003419813822684774,6.18470756756758,treino
4305371,Charrua,RS,Municipal,7,0.0,77.7275380365401,0.0003408008090034702,6.185048368376584,treino
4305207,Cerro Largo,RS,Estadual,22,27.272727272727273,72.17008822883275,0.0003403266871748021,6.185388695063758,treino
2924678,Piraí do Norte,BA,Municipal,42,42.857142857142854,91.89771976014285,0.0003393784378374523,6.185728073501596,treino
2904209,Botuporã,BA,Municipal,57,47.36842105263158,71.58060127223177,0.0003386672508344402,6.18606674075243,teste
5107578,Rondolândia,MT,Estadual,46,45.49908144519291,54.88291744113931,0.00033449542787477004,6.186401236180305,teste
2401107,Areia Branca,RN,Estadual,35,45.80580580580581,89.58897399653476,0.00033378613737043255,6.186735022317675,treino
4304671,Capivari do Sul,RS,Municipal,36,43.940718409090906,68.5171219837972,0.00033293432024944465,6.187067956637925,treino
2112001,Tasso Fragoso,MA,Municipal,127,54.900278790478225,73.36868712342668,0.00033160800864254073,6.187399564646568,treino
4307500,Espumoso,RS,Estadual,111,53.825968571148444,78.4180298435095,0.0003310673443316844,6.1877306319909,treino
2513158,Santa Cecília,PB,Municipal,54,48.09741248097412,70.90641722144426,0.00033088544264747987,6.188061517433547,validacao
4321907,Três Passos,RS,Municipal,224,57.03046491350723,79.3134572673189,0.00033060571775521863,6.188392123151302,treino
2405603,Jardim de Piranhas,RN,Estadual,20,34.99999999999999,86.06980691221587,0.00033055971900010036,6.188722682870302,teste
2925501,Prado,BA,Estadual,70,50.0,77.56102845762918,0.000328568395391666,6.189051251265694,teste
2405108,Jandaíra,RN,Estadual,17,23.52941176470588,89.04704626718427,0.00032832943655865395,6.189379580702252,teste
2207959,Nova Santa Rita,PI,Municipal,63,49.10226385636222,65.77134095115822,0.00032790225023217784,6.1897074829524845,validacao
2102309,Buriti Bravo,MA,Municipal,245,57.189337514700114,82.71871867653988,0.00032785246714196785,6.190035335419626,treino
1703701,Brejinho de Nazaré,TO,Municipal,63,49.455205811138015,70.41673886743246,0.00032723705332202694,6.1903625724729485,teste
2804508,Nossa Senhora da Glória,SE,Estadual,121,54.38835106808544,99.1382665849723,0.00032662495837476775,6.190689197431324,treino
2501575,Barra de Santana,PB,Municipal,61,49.16471506635441,66.72009453805596,0.0003260057515574783,6.191015203182881,treino
2513802,Santa Teresinha,PB,Municipal,35,42.76807980049875,63.57295911256844,0.0003257189061329303,6.191340922089014,teste
1303205,Novo Airão,AM,Municipal,198,57.07529711724308,50.87490001704216,0.0003256681747933822,6.191666590263807,treino
3506706,Boa Esperança do Sul,SP,Municipal,141,55.33544974044727,74.0220473605691,0.00032462488148618307,6.191991215145293,treino
2506905,Itabaiana,PB,Municipal,146,55.524224557805695,81.10794667630994,0.00032373042727250746,6.192314945572566,validacao
2807303,Telha,SE,Municipal,38,42.45379876796714,92.2282931966577,0.0003222644337969653,6.192637210006363,treino
4312450,Morro Redondo,RS,Municipal,43,47.36625498049078,71.53656710408384,0.00032089811367298445,6.1929581081200356,treino
4308102,Feliz,RS,Municipal,71,51.12022491178754,86.0536624709997,0.0003205285191751873,6.193278636639211,treino
3103405,Araçuaí,MG,Municipal,69,50.78979343863912,56.45590289932154,0.000319936007549103,6.19359857264676,treino
2911501,Gongogi,BA,Municipal,68,50.0,98.2454313781296,0.0003191807269519041,6.193917753373712,treino
2411106,Ruy Barbosa,RN,Municipal,20,35.00000000000001,75.17009989976455,0.0003187540147500967,6.194236507388462,validacao
2402303,Caraúbas,RN,Estadual,45,46.204081632653065,90.93387142775799,0.00031818506514768696,6.194554692453609,treino
2400406,Água Nova,RN,Municipal,29,39.67292549969716,87.78980491123397,0.0003166669179585901,6.194871359371568,treino
2609501,Nazaré da Mata,PE,Municipal,221,56.95906948054809,75.73649393643687,0.0003164796387144632,6.195187839010282,validacao
4307500,Espumoso,RS,Municipal,26,39.0625,73.64163257455753,0.0003161463290723851,6.1955039853393545,treino
4314456,Pinhal,RS,Municipal,24,33.23076920123077,55.69648213009714,0.00031611350920034636,6.195820098848555,teste
1702703,Aurora do Tocantins,TO,Municipal,29,41.93200215866163,73.41539453857658,0.00031571677212256566,6.196135815620677,treino
2500106,Água Branca,PB,Municipal,87,52.655637788419675,69.69373141067629,0.0003155830689659995,6.196451398689643,validacao
4302352,Bom Princípio,RS,Municipal,132,55.31424332350701,84.0379506604885,0.000315261950079038,6.196766660639722,validacao
5106232,Nova Olímpia,MT,Municipal,240,57.28005691249703,54.88846358765258,0.0003142962946152152,6.197080956934337,validacao
4103107,Bocaiúva do Sul,PR,Municipal,229,57.366927442859335,66.98629038141897,0.0003131707226517809,6.197394127656988,treino
4317608,Santo Antônio da Patrulha,RS,Estadual,122,55.148480535864394,78.31587608808694,0.0003131409504625961,6.19770726860745,treino
2202059,Cabeceiras do Piauí,PI,Municipal,84,52.32464699804844,71.90004126450495,0.00031286965348717314,6.1980201382609375,validacao
5007950,Tacuru,MS,Municipal,187,56.605751947273816,78.0631232719573,0.0003128141809009381,6.198332952441838,validacao
4317558,Santo Antônio do Palma,RS,Municipal,26,34.61538461538461,66.39868031155183,0.0003116895571868416,6.198644641999024,teste
4312138,Mato Castelhano,RS,Municipal,28,38.70967741935484,78.13058873994646,0.0003114524948525041,6.198956094493877,validacao
2405207,Janduís,RN,Municipal,29,37.93103448275862,97.31550300719385,0.00031112677120512467,6.199267221265082,validacao
5003751,Eldorado,MS,Municipal,176,56.43155722525001,59.32374682150685,0.0003107891944410279,6.199578010459523,validacao
2401701,Bom Jesus,RN,Estadual,47,46.83190085948431,90.79267283936272,0.0003099812860056062,6.199887991745529,treino
4314506,Pinheiro Machado,RS,Estadual,23,34.78260869565218,77.59498308439198,0.0003096281503474174,6.200197619895876,treino
1507466,São João da Ponta,PA,Municipal,20,43.19405280697258,93.47739756546044,0.00030898657245072617,6.200506606468327,treino
2515500,Serra Branca,PB,Municipal,100,54.332392438628005,61.291672411665566,0.0003086120139624729,6.20081521848229,validacao
4308904,Getúlio Vargas,RS,Municipal,80,52.27124179142637,69.97695435047795,0.00030744350531645666,6.201122661987606,treino
3550407,São Pedro,SP,Municipal,326,58.16186823211204,65.12902966901424,0.0003065619065237893,6.20142922389413,validacao
4302501,Bossoroca,RS,Municipal,26,38.41269825608465,83.74401580349269,0.000305629792563975,6.201734853686694,validacao
4322806,Veranópolis,RS,Municipal,206,57.03966262783759,76.47834348441226,0.0003051352123269734,6.2020399888990205,treino
4319125,São Martinho da Serra,RS,Estadual,18,27.77777777777778,71.59945305026834,0.000304598756318228,6.202344587655339,treino
2109551,Ribamar Fiquene,MA,Municipal,56,50.1592598210223,68.52288418253119,0.0003044861810956643,6.202649073836434,treino
1720499,São Valério,TO,Municipal,41,46.24707633425473,67.78379702967531,0.00030443402738211054,6.202953507863816,treino
2414704,Várzea,RN,Municipal,35,45.67928730512249,96.88460045381463,0.00030273334219557376,6.203256241206011,teste
5004502,Itaporã,MS,Municipal,212,57.297231170737675,56.9277075079206,0.0003026228711477723,6.203558864077159,treino
1707652,Figueirópolis,TO,Municipal,62,51.74708818635607,64.29101652912954,0.000302011250325182,6.203860875327485,teste
2803005,Itabaianinha,SE,Municipal,469,58.60488798370672,72.44514966538962,0.0003014958768103316,6.204162371204295,treino
2502102,Boa Ventura,PB,Municipal,50,47.715053763440864,62.22103082489425,0.00030087572174370563,6.204463246926038,treino
2803104,Itabi,SE,Municipal,20,33.5696413678065,91.27475327314443,0.00029936326405063317,6.204762610190089,treino
2514651,São José do Brejo do Cruz,PB,Municipal,20,30.000000000000007,66.8531342001068,0.0002977028794609337,6.20506031306955,treino
2409332,Santa Maria,RN,Municipal,23,43.40514976353126,92.04979635332921,0.0002976526222460543,6.205357965691796,validacao
5100508,Alto Paraguai,MT,Municipal,73,52.453951277480684,54.38081173863358,0.0002970794055216264,6.205655045097318,treino
4309902,Ibiraiaras,RS,Municipal,53,49.129833889812346,70.23469469989652,0.000296171287011294,6.205951216384329,treino
4318507,São José do Norte,RS,Estadual,59,51.24096334022757,78.94198119217847,0.00029559332624758486,6.206246809710576,treino
4314506,Pinheiro Machado,RS,Municipal,58,50.16826937342248,85.41927821492486,0.00029529943054180084,6.206542109141118,treino
3522000,Itaju,SP,Municipal,38,44.3421051131579,57.472860774972226,0.00029505527624118716,6.206837164417359,treino
4311270,Lagoa dos Três Cantos,RS,Municipal,25,36.0,71.16181228633873,0.0002946210691145473,6.207131785486474,treino
4209151,José Boiteux,SC,Municipal,59,52.75690671598659,66.36185759256756,0.00029298486488295045,6.2074247703513565,teste
4313490,Novo Barreiro,RS,Municipal,24,37.037036666666665,79.58672147985845,0.00029267716271422705,6.207717447514071,validacao
4321352,Tavares,RS,Municipal,27,37.03703703703704,75.27700507581984,0.0002926771579729804,6.208010124672044,validacao
2908804,Contendas do Sincorá,BA,Municipal,32,40.625,91.56616884026478,0.000292440095638643,6.208302564767683,treino
4306932,Entre-Ijuís,RS,Estadual,42,45.23809523809524,78.86155784671877,0.00029196597096996804,6.208594530738653,treino
4319901,Sapiranga,RS,Estadual,158,56.34405215016449,95.32249794022604,0.0002916715272756336,6.208886202265928,validacao
2400208,Açu,RN,Estadual,13,30.769230769230766,87.61068961892713,0.000290872639484004,6.209177074905412,validacao
2208601,Prata do Piauí,PI,Municipal,50,47.92482380579483,57.2320906270134,0.00029001826683105173,6.209467093172243,teste
4309753,Ibarama,RS,Municipal,29,41.40350875704412,68.98251641683044,0.0002893982056742983,6.2097564913779175,teste
4209706,Lebon Régis,SC,Municipal,123,56.41451132982376,82.91514914256528,0.0002888007146818942,6.210045292092599,treino
4311304,Lagoa Vermelha,RS,Municipal,99,54.60626335926078,82.23834686158145,0.0002886374820547837,6.210333929574654,teste
2807204,Siriri,SE,Municipal,71,52.40153105321645,87.39556512940968,0.00028793638541090054,6.210621865960065,treino
2513356,Santa Inês,PB,Municipal,26,39.01933701657458,67.56418396073889,0.0002867050836463521,6.210908571043712,treino
4307708,Esteio,RS,Estadual,22,34.72222192129631,94.5097947726735,0.00028649774132378077,6.2111950687850355,treino
4309407,Guaporé,RS,Estadual,58,50.7902554641243,66.54499626101672,0.0002850642007904549,6.211480132985826,teste
4302006,Barros Cassal,RS,Municipal,39,46.848139551513654,84.05452680097972,0.0002846576132558864,6.211764790599082,treino
2202653,Caxingó,PI,Municipal,43,46.241457858769934,73.98737173039916,0.0002842898925841224,6.212049080491666,treino
4322301,Tuparendi,RS,Municipal,67,52.68218012048193,57.963948143887535,0.0002840381560912894,6.2123331186477575,treino
4304689,Capela de Santana,RS,Municipal,85,54.304072056074766,82.98419945815975,0.00028388892061057767,6.212617007568368,treino
2918209,Jiquiriçá,BA,Municipal,45,46.666666666666664,97.97437137155728,0.00028234124019586876,6.2128993488085635,treino
3544608,Sabino,SP,Municipal,43,46.978818441810866,56.505473461218656,0.0002818075492964159,6.21318115635786,treino
2110807,São Félix de Balsas,MA,Municipal,30,44.66992036989468,71.16015186128786,0.00028111183492999495,6.21346226819279,treino
4317707,Santo Antônio das Missões,RS,Municipal,75,52.956127259339674,86.2382821228669,0.00027984221910355825,6.213742110411893,validacao
2414001,Tangará,RN,Estadual,42,47.61904761904761,88.44519680605853,0.0002787909946768316,6.2140209014065695,treino
4311130,Jari,RS,Municipal,21,36.423077382769236,84.68336484803662,0.00027827469948259116,6.214299176106052,treino
4305207,Cerro Largo,RS,Municipal,91,54.040373675757756,82.20391381568255,0.00027781934062089017,6.214576995446673,treino
3503158,Arapeí,SP,Municipal,24,37.41258740451856,59.86869958924077,0.0002772077653332326,6.214854203212006,treino
2403806,Florânia,RN,Municipal,32,43.75,88.56527260328772,0.00027688122051140924,6.215131084432517,teste
2403806,Florânia,RN,Estadual,18,33.33333333333333,75.63536009694506,0.000276606228203578,6.2154076906607205,teste
2509370,Mato Grosso,PB,Municipal,11,18.18181818181818,67.08558007083731,0.0002763212792777043,6.215684011939998,validacao
1708254,Fortaleza do Tabocão,TO,Municipal,66,51.71830985915493,74.52244435860945,0.000275419020033216,6.215959430960031,treino
4312617,Muitos Capões,RS,Municipal,17,29.411764705882355,72.46649464239871,0.0002746492748074364,6.216234080234838,teste
1720101,São Bento do Tocantins,TO,Municipal,76,52.93053545586107,84.34845241938034,0.00027400043902454105,6.216508080673863,teste
3109451,Cabeceira Grande,MG,Municipal,98,54.59469384008078,59.17667446501551,0.00027399996489987254,6.2167820806387635,treino
2900108,Abaíra,BA,Municipal,33,42.42424242424242,89.38252700866506,0.0002734276964247818,6.217055508335188,treino
3134707,Jacinto,MG,Municipal,109,55.431582209824896,54.18286690332184,0.00027342485167676934,6.217328933186865,teste
1709807,Ipueiras,TO,Municipal,14,21.428571428571427,74.10897678066186,0.00027323899480664925,6.217602172181672,teste
2514503,São José de Piranhas,PB,Municipal,134,55.77310682407141,76.84496659327634,0.0002718194655486361,6.21787399164722,teste
2407302,Marcelino Vieira,RN,Estadual,16,31.25,84.35547876066192,0.0002716734351506849,6.218145665082371,treino
5000906,Antônio João,MS,Municipal,145,56.2137049941928,72.73109462808132,0.0002708683714632743,6.218416533453834,treino
4305959,Cotiporã,RS,Municipal,34,44.15509235210906,61.950045130965734,0.0002687417743594416,6.218685275228194,treino
1600212,Cutias,AP,Municipal,82,53.329459616502035,90.32213949076926,0.0002680677170454125,6.218953342945239,treino
4312708,Nonoai,RS,Municipal,71,52.36140345407251,78.49875446416907,0.00026806759565053273,6.219221410540889,validacao
1715507,Oliveira de Fátima,TO,Municipal,19,31.57894736842106,77.52740077288513,0.0002678828084246295,6.219489293349314,treino
2500577,Algodão de Jandaíra,PB,Municipal,52,50.16399102364923,64.12718559358478,0.000267409632005292,6.21975670298132,treino
1200104,Brasiléia,AC,Estadual,78,53.642825410928474,83.03272102116178,0.0002671199418327318,6.220023822923152,treino
1600709,Tartarugalzinho,AP,Estadual,15,26.666666666666664,90.9991470424364,0.00026707679648788226,6.22029089971964,treino
5007307,Rio Negro,MS,Municipal,81,53.0458089668616,68.28997399557247,0.0002667387455991172,6.220557638465239,treino
1718709,Rio dos Bois,TO,Municipal,39,46.6143977191732,85.74973713635097,0.0002651262476009539,6.22082276471284,treino
2806701,São Cristóvão,SE,Estadual,24,37.5,97.51859773553807,0.00026508499875477936,6.221087849711594,treino
1500131,Abel Figueiredo,PA,Municipal,93,54.87267164582021,82.72314948015271,0.0002648872887679418,6.2213527370003625,treino
2406700,Lajes,RN,Estadual,10,20.0,85.08839527323678,0.0002648460399217671,6.221617583040285,treino
4319752,São Vendelino,RS,Municipal,16,25.0,58.174731486341315,0.0002647512149880322,6.221882334255272,treino
4323457,Vila Nova do Sul,RS,Municipal,32,43.99092946290897,74.45492258907936,0.00026400089941488097,6.2221463351546875,treino
2402907,Coronel João Pessoa,RN,Municipal,40,47.817589576547235,97.9361251428653,0.0002638005950273391,6.222410135749715,treino
4306056,Cristal,RS,Estadual,33,50.78714547760885,80.48241446146828,0.00026355838175044755,6.222673694131465,validacao
3137007,Ladainha,MG,Municipal,85,54.46262368962476,74.02913952597149,0.0002631358722418568,6.2229368300037065,treino
2210623,Sebastião Barros,PI,Municipal,56,50.0,69.86903095782225,0.0002628547163133327,6.2231996847200195,treino
2929750,Saubara,BA,Municipal,76,52.63157894736842,97.18584386297964,0.0002619064669759832,6.223461591186996,treino
2926657,Ribeirão do Largo,BA,Municipal,76,52.63157894736842,96.27546521716044,0.0002619064669759832,6.223723497653972,treino
2512754,Riachão do Bacamarte,PB,Municipal,37,46.22852875280059,60.071242128039806,0.00026038120791685616,6.223983878861889,treino
4301875,Barra do Quaraí,RS,Estadual,17,29.411764705882355,71.34494045925165,0.0002601940330038629,6.2242440728948925,validacao
1701309,Aragominas,TO,Municipal,55,52.5859770727806,93.1433032308567,0.00026015125745254867,6.224504224152345,treino
2933455,Wanderley,BA,Municipal,121,55.37190082644628,92.46589706981858,0.0002597729059669463,6.224763997058312,treino
4302907,Cacequi,RS,Municipal,37,48.94545440843636,90.48056865043984,0.00025969101703170644,6.225023688075344,validacao
1300706,Boca do Acre,AM,Estadual,154,56.683925629559894,84.01664797432862,0.0002591584403963434,6.22528284651574,treino
5107701,Rosário Oeste,MT,Municipal,137,56.373023555985796,58.11916987895766,0.0002591115020541452,6.225541958017795,treino
2204204,Francisco Santos,PI,Municipal,42,48.775510204081634,67.79351102166366,0.0002584453568946568,6.22580040337469,treino
3135209,Januária,MG,Estadual,595,59.05552109181142,59.1662135307365,0.0002581703645868227,6.226058573739277,treino
3538303,Piquerobi,SP,Municipal,36,45.195195779563335,50.6108310423753,0.000257960691448418,6.226316534430725,treino
4309605,Horizontina,RS,Municipal,187,57.21519842398809,78.99993272182847,0.00025713198903344424,6.226573666419759,treino
4310413,Inhacorá,RS,Municipal,17,35.294117647058826,76.43042323411724,0.00025665761866388404,6.226830324038422,treino
2401701,Bom Jesus,RN,Municipal,47,53.31707317073171,99.07585227609576,0.00025593249615067995,6.227086256534573,treino
1712454,Luzinópolis,TO,Municipal,47,48.91016500305561,93.36670612432945,0.0002557859916280596,6.227342042526201,validacao
2904704,Buerarema,BA,Estadual,14,21.428571428571427,92.54806603235632,0.0002553635465482703,6.22759740607275,validacao
2403103,Currais Novos,RN,Estadual,27,40.74074074074075,83.67610918857893,0.0002550752787497159,6.2278524813514995,treino
2616209,Vertentes,PE,Municipal,168,56.84892577014892,68.60983165042926,0.0002545129668926677,6.228106994318392,validacao
1718899,Santa Rita do Tocantins,TO,Municipal,30,43.129890453834115,75.62929099708553,0.00025403836809932413,6.228361032686491,treino
2922755,Nova Ibiá,BA,Municipal,49,48.97959183673469,93.60867007160125,0.00025370411020790833,6.2286147367966995,treino
2907558,Caturama,BA,Municipal,59,50.847457627118644,94.59048803029246,0.0002532299855392336,6.228867966782238,validacao
2102101,Brejo,MA,Municipal,272,58.058044207686194,57.3668582450174,0.00025246711894733514,6.229120433901186,teste
4306700,Dona Francisca,RS,Municipal,15,26.666666666666664,59.51511576223298,0.000252107898368408,6.229372541799554,teste
2503308,Cachoeira dos Índios,PB,Municipal,59,52.234919716476206,72.92708493754772,0.0002512324983101061,6.229623774297864,treino
4314605,Piratini,RS,Municipal,30,42.83154083015379,85.5760928918604,0.000250869910483558,6.229874644208348,treino
1505403,Ourém,PA,Estadual,18,38.888888888888886,81.96932805324614,0.00024924639007302754,6.230123890598421,teste
1505403,Ourém,PA,Municipal,129,56.25606880288528,93.61815047942572,0.0002490965666777265,6.230372987165098,teste
3135803,Jequitinhonha,MG,Municipal,112,55.64850158369204,70.94336222058251,0.00024819810043058744,6.230621185265528,validacao
1101757,Vale do Anari,RO,Municipal,115,55.654786068036046,68.59352434574491,0.0002479117291307079,6.230869096994659,treino
2801603,Cedro de São João,SE,Municipal,32,45.39144919489173,94.61989137650812,0.0002477766036001355,6.231116873598259,treino
4211306,Navegantes,SC,Estadual,26,46.19422572178478,88.78439422795556,0.00024758316073531607,6.231364456758994,validacao
4311759,Manoel Viana,RS,Estadual,36,47.217397872746396,79.7105862464736,0.0002465385218054123,6.2316109952808,treino
3500303,Aguaí,SP,Municipal,305,58.406951896297876,71.90085486608872,0.00024634604709368273,6.231857341327894,treino
5006408,Pedro Gomes,MS,Municipal,110,55.85164407043789,79.6127479432593,0.0002463390576047135,6.232103680385499,treino
2802601,Gracho Cardoso,SE,Municipal,12,16.666666666666668,98.09502223535202,0.0002459758781085084,6.232349656263607,treino
2400802,Angicos,RN,Municipal,50,51.80910792264504,92.39751279829915,0.00024597018861248433,6.23259562645222,treino
2501153,Areia de Baraúnas,PB,Municipal,22,36.36363636363637,65.2591929302882,0.00024550175343983355,6.23284112820566,teste
2515971,Sobrado,PB,Municipal,27,40.74074074074074,62.81166810537946,0.0002452646911054961,6.233086392896765,treino
1501451,Belterra,PA,Municipal,197,57.604933889431194,75.18430423637729,0.00024524667436808494,6.233331639571133,treino
5103403,Cuiabá,MT,Estadual,44,50.67760342368046,71.15390642203488,0.00024521348564127913,6.233576853056774,treino
4318481,São José do Hortêncio,RS,Municipal,32,43.75,65.19236046914698,0.0002450276287711587,6.233821880685545,validacao
3519907,Iepê,SP,Municipal,82,53.8355071131347,51.72253800097606,0.00024440268314413844,6.234066283368689,treino
2407401,Martins,RN,Municipal,75,53.91233577490989,83.07342572280233,0.0002441737302428755,6.234310457098932,treino
2411429,Santana do Seridó,RN,Municipal,22,40.909090909090914,79.7743051997924,0.00024364982248398955,6.234554106921416,treino
4304002,Campo Novo,RS,Municipal,36,46.76434667042359,80.22010674694742,0.0002428895446839015,6.2347969964661,validacao
2709004,Tanque d'Arca,AL,Municipal,75,53.462848492494004,84.92194102920136,0.0002419330170587181,6.235038929483159,validacao
2805703,Propriá,SE,Estadual,48,49.730377471539846,97.8370782263941,0.0002414209624165491,6.235280350445576,treino
4307401,Esmeralda,RS,Municipal,37,48.35194049949253,76.58619516739415,0.0002409096814889446,6.235521260127065,treino
2926707,Rio de Contas,BA,Municipal,122,55.73770491803279,91.3629325709245,0.0002407605067530853,6.2357620206338185,treino
1600535,Porto Grande,AP,Estadual,83,54.21253650864975,74.04558682749422,0.00024004837150073534,6.236002069005319,validacao
2406155,Jundiá,RN,Municipal,15,33.33333333333333,83.9936836431735,0.00023995212419299455,6.236242021129512,treino
1718501,Recursolândia,TO,Municipal,48,50.358355337608444,90.87863864315368,0.0002398587216332657,6.236481879851145,treino
2410504,Rafael Fernandes,RN,Municipal,24,41.8188327962764,73.3756537951491,0.00023943627655347623,6.236721316127698,validacao
4300661,André da Rocha,RS,Municipal,15,33.333333333333336,67.65909053233781,0.00023932233488939406,6.2369606384625875,treino
1703867,Cariri do Tocantins,TO,Municipal,57,52.00938232994527,75.37634135844195,0.00023924567843666908,6.237199884141024,validacao
2923902,Pau Brasil,BA,Estadual,10,10.0,92.44170175343706,0.00023658820966874654,6.2374364723506925,teste
4318606,São José do Ouro,RS,Estadual,25,40.0,71.91110891475827,0.00023587702266573426,6.237672349373359,validacao
4304952,Caseiros,RS,Municipal,20,40.0,60.28500870847301,0.00023587702266573426,6.237908226396025,validacao
2111789,Serrano do Maranhão,MA,Municipal,74,53.632343651295,52.87355274992211,0.0002352061362595594,6.238143432532284,treino
2904803,Caatiba,BA,Municipal,50,50.0,90.24912987331889,0.00023469171099404715,6.238378124243278,treino
4312906,Nova Bassano,RS,Municipal,54,51.827157231086794,63.27195285354246,0.00023347956579105914,6.238611603809069,validacao
4314464,Pinhal da Serra,RS,Municipal,17,35.294117647058826,76.620849663383,0.00023332511869405913,6.238844928927763,validacao
2513703,Santa Rita,PB,Estadual,144,57.53391705955932,93.13147066079088,0.00023318114979964817,6.239078110077563,treino
5002407,Caarapó,MS,Estadual,30,46.260772866277456,61.4650975874494,0.00023260698482588377,6.239310717062389,treino
3130705,Indianópolis,MG,Municipal,69,53.939836804286934,52.72876264118245,0.00023203139747811257,6.239542748459867,treino
2404002,Frutuoso Gomes,RN,Municipal,34,47.05882352941176,88.58725022696434,0.00023184316998464872,6.2397745916298515,treino
3532868,Nova Castilho,SP,Municipal,12,25.0,58.160523304418966,0.00023165731973330856,6.240006248949585,treino
2404804,Ipueira,RN,Municipal,9,22.222222222222225,74.33115575311152,0.00023151697221260038,6.240237765921798,treino
2701902,Chã Preta,AL,Municipal,56,51.676261429055195,82.49338462420235,0.00023027950682735898,6.240468045428625,teste
1713700,Monte Santo do Tocantins,TO,Municipal,26,44.79426433915212,72.29093177744417,0.00022975702144247928,6.240697802450068,teste
4320651,Silveira Martins,RS,Municipal,14,35.71428571428571,62.159573822770696,0.00022934087086075644,6.240927143320929,teste
2515401,São Vicente do Seridó,PB,Municipal,81,54.142857142857146,68.63247511232328,0.00022928668977115354,6.2411564300107,validacao
4312302,Miraguaí,RS,Estadual,21,38.095238095238095,64.14470908502335,0.00022743985096166408,6.241383869861662,treino
4308508,Frederico Westphalen,RS,Municipal,69,53.75425842303325,82.64952478931903,0.00022728012206844227,6.24161114998373,treino
2505352,Damião,PB,Municipal,49,50.86694308330192,65.53082444543567,0.00022724510894784,6.241838395092678,treino
4302600,Braga,RS,Municipal,10,20.0,68.87741823351546,0.00022701089136151472,6.2420654059840395,treino
1721109,Tocantínia,TO,Municipal,51,51.18483412322274,88.35392503502737,0.00022668564183880396,6.242292091625878,validacao
2406007,José da Penha,RN,Municipal,42,49.95840266222962,90.40174016684063,0.0002266277986292253,6.242518719424508,treino
4318051,São Domingos do Sul,RS,Estadual,20,40.0,60.97723798497733,0.00022644194175910489,6.242745161366267,treino
4300109,Agudo,RS,Municipal,146,56.918619815443115,86.46642006366324,0.0002261673457199298,6.242971328711987,validacao
1707207,Dois Irmãos do Tocantins,TO,Municipal,62,52.77860770839559,76.63819921861513,0.00022601807430530928,6.2431973467862925,treino
1718451,Pugmil,TO,Municipal,22,40.909090909090914,82.44932426398974,0.00022582178669247816,6.243423168572985,teste
2911253,Gavião,BA,Municipal,38,47.36842105263158,76.24306784837636,0.00022577816722296013,6.243648946740207,treino
2919959,Maetinga,BA,Municipal,38,47.36842105263158,84.15932554071247,0.00022577816722296013,6.24387472490743,validacao
3525409,Jeriquara,SP,Municipal,40,49.549649788482824,57.80453993692344,0.00022573839572080556,6.244100463303151,treino
5002209,Bonito,MS,Municipal,398,58.79006877258422,70.53590413770718,0.00022573312537943387,6.24432619642853,validacao
4321956,Trindade do Sul,RS,Estadual,24,41.666666666666664,51.81403520908775,0.00022476669434722202,6.244550963122878,treino
2406809,Lajes Pintadas,RN,Municipal,32,47.46252958190902,90.43692871525673,0.0002242595459091945,6.244775222668787,treino
4314779,Pontão,RS,Municipal,22,46.91358011316873,63.496048200215604,0.000221658551093031,6.244996881219881,treino
2413706,Sítio Novo,RN,Municipal,39,48.74551971326165,97.14367032714645,0.00022132850720744658,6.245218209727088,validacao
4305173,Cerro Grande do Sul,RS,Estadual,29,44.94949482404692,79.39819749780992,0.00021974050908474146,6.245437950236172,validacao
1600204,Calçoene,AP,Estadual,24,45.883777239709445,85.72468862948179,0.0002195652375646449,6.245657515473737,teste
4322525,Vale Verde,RS,Municipal,30,47.067901208847736,65.43628489963645,0.00021902453246010255,6.245876540006197,treino
2405900,João Dias,RN,Municipal,18,38.888888888888886,89.68468357951085,0.0002187630186252472,6.2460953030248225,treino
1505635,Piçarra,PA,Municipal,153,57.1488394352716,89.81984618957925,0.00021804234912886118,6.246313345373951,validacao
2516755,Tenório,PB,Municipal,35,48.734177215189874,56.77352519112253,0.00021747719252380093,6.246530822566475,treino
2708956,Senador Rui Palmeira,AL,Municipal,159,57.07500616827041,65.61548846152097,0.00021714340875705402,6.246747965975232,teste
2505907,Emas,PB,Municipal,21,38.095238095238095,50.58716964581838,0.00021710168578621043,6.2469650676610184,treino
4305454,Cidreira,RS,Estadual,38,50.0,80.57417967042409,0.00021591637599205699,6.24718098403701,treino
2909000,Cordeiros,BA,Municipal,61,52.459016393442624,61.79998104475033,0.0002152051871115112,6.247396189224122,treino
4304101,Campos Borges,RS,Estadual,12,25.0,73.47096257909402,0.00021511035555899579,6.247611299579681,treino
2911303,Gentio do Ouro,BA,Municipal,81,54.32098765432099,90.21253595692492,0.00021425693777416137,6.247825556517455,teste
4322152,Tunas,RS,Municipal,22,41.07142857886904,72.91995278961562,0.00021425016537265289,6.2480398066828275,treino
2514305,São José de Caiana,PB,Municipal,57,52.39840106595603,74.95565979934489,0.00021354385427247447,6.2482533505371,treino
2410702,Riacho da Cruz,RN,Municipal,16,37.5,72.44985867046623,0.0002124078515663296,6.248465758388666,teste
2411056,Tibau,RN,Estadual,20,45.0,67.13016902645272,0.00021193372689765465,6.248677692115564,teste
2101301,Bacuri,MA,Municipal,177,57.5544922913344,53.522311033714345,0.00020917906257265334,6.2488868711781365,treino
4319406,São Pedro do Sul,RS,Estadual,26,45.69892483870968,52.137147588521124,0.00020872548172587264,6.2490955966598625,treino
4316733,Santa Cecília do Sul,RS,Municipal,22,40.90909090909091,62.43226936106726,0.00020709333604885215,6.249302689995911,treino
4202503,Bom Jardim da Serra,SC,Estadual,21,42.857142857142854,70.75223456145144,0.00020702084708084596,6.249509710842992,validacao
5102678,Campo Verde,MT,Estadual,33,48.529411764705884,87.04012110851187,0.00020529218853885742,6.249715003031531,teste
4303707,Campina das Missões,RS,Municipal,44,50.333333333333336,60.05636631228557,0.00020411066986451962,6.249919113701395,treino
4211892,Painel,SC,Estadual,25,46.42857142857142,52.55413823185504,0.00020387740052753175,6.2501229911019225,validacao
3511904,Clementina,SP,Municipal,66,54.11520105883675,68.76745976072753,0.00020296097631547694,6.250325952078238,validacao
4310330,Imbé,RS,Estadual,19,42.10526315789474,85.50527158647697,0.00020248616986975247,6.250528438248107,treino
2408201,Nísia Floresta,RN,Estadual,15,33.33333333333333,97.41658439400317,0.0002021643880996096,6.250730602636207,teste
4321436,Terra de Areia,RS,Estadual,29,48.37837840467494,65.6377061055639,0.00020211934907238597,6.250932721985279,treino
2406908,Lucrécia,RN,Municipal,21,42.85714285714286,85.70636715319597,0.00020193017051328422,6.251134652155793,validacao
5002605,Camapuã,MS,Estadual,12,33.33333333333333,68.4137386489557,0.00020103075601680804,6.25133568291181,treino
1713957,Muricilândia,TO,Municipal,32,49.31301523857106,90.25470286437881,0.00020093261221039237,6.25153661552402,treino
4320230,Sede Nova,RS,Municipal,18,38.405797079395086,55.40687707737197,0.00020090694282583798,6.251737522466846,validacao
2108256,Pedro do Rosário,MA,Municipal,189,57.900725359123875,51.256240590838075,0.00019994169165286224,6.251937464158499,treino
4208005,Itá,SC,Estadual,13,30.76923076923077,63.8187396463073,0.00019930162335015088,6.25213676578185,treino
4315321,Quevedos,RS,Estadual,8,25.0,55.07603253162709,0.00019856341124102413,6.252335329193091,validacao
2409308,Patu,RN,Estadual,10,29.999999999999996,93.43409022160186,0.0001984685863072892,6.252533797779399,treino
4309571,Herveiras,RS,Estadual,17,35.294117647058826,76.52105292633074,0.00019832634890668672,6.252732124128305,treino
4314472,Pinhal Grande,RS,Estadual,20,40.0,58.68597411954997,0.00019813669903921672,6.252930260827344,validacao
1600105,Amapá,AP,Estadual,9,22.22222222222222,92.38951768100742,0.0001961463236801198,6.253126407151024,treino
2205854,Madeiro,PI,Municipal,102,55.88235294117647,62.86398701782938,0.00019429628922295052,6.253320703440247,treino
2403707,Felipe Guerra,RN,Municipal,47,51.70204245094113,78.60053480114048,0.00019410948410349263,6.25351481292435,treino
4313102,Nova Palma,RS,Municipal,14,35.88235294117647,62.90289583980959,0.0001935851022199383,6.25370839802657,treino
5104609,Itiquira,MT,Municipal,207,58.164746052069994,64.19776030126427,0.00019276486654313046,6.253901162893113,treino
2703403,Jacaré dos Homens,AL,Municipal,75,54.64573059953283,90.81741111257735,0.00019197023359843188,6.254093133126712,validacao
4313060,Nova Hartz,RS,Estadual,16,43.75,62.044880935845924,0.00019142783497746774,6.254284560961689,teste
5105309,Luciara,MT,Municipal,28,46.42857142857143,64.47283672734852,0.00019135861277584122,6.254475919574465,validacao
4318614,São José do Sul,RS,Municipal,16,37.5,64.54244601290738,0.0001911670664096966,6.2546670866408745,validacao
2611507,Quipapá,PE,Municipal,221,58.10569541153366,78.07608121587256,0.00019059622030861062,6.254857682861183,treino
3512001,Colina,SP,Municipal,188,57.89254310002084,78.58799840083866,0.00019035696932472038,6.255048039830508,treino
3136959,Juvenília,MG,Municipal,26,52.49212525477117,54.80306474093286,0.000189556464910208,6.2552375962954185,teste
5002803,Caracol,MS,Municipal,93,55.654761904761905,80.56599291265225,0.0001893615996713826,6.25542695789509,treino
4312203,Maximiliano de Almeida,RS,Municipal,15,33.333333333333336,64.20874457215263,0.00018893868046692482,6.2556158965755575,treino
1711803,Juarina,TO,Municipal,36,49.134199134199136,77.93082651783034,0.0001886561021643947,6.255804552677722,validacao
4321667,Três Cachoeiras,RS,Estadual,61,53.60449719361511,61.76585811814841,0.00018804575197220965,6.255992598429694,validacao
2607406,Itacuruba,PE,Municipal,35,48.57142857142857,51.51207041338657,0.00018799043112957515,6.256180588860824,treino
2509800,Mulungu,PB,Municipal,55,54.097639642281194,72.98472640049664,0.00018764858724346038,6.256368237448068,teste
2806602,Santo Amaro das Brotas,SE,Estadual,45,51.111111111111114,92.1601835564175,0.00018751630646090023,6.256555753754529,treino
2702207,Coqueiro Seco,AL,Municipal,75,54.666666666666664,91.79044102326752,0.00018609393245487565,6.256741847686984,treino
4300034,Aceguá,RS,Municipal,46,52.497753636830595,83.34812428139836,0.0001860081461911532,6.256927855833175,treino
2514107,São João do Tigre,PB,Municipal,33,48.38235294117647,69.12638233365631,0.00018566722025306842,6.2571135230534285,treino
2703304,Inhapi,AL,Estadual,11,27.272727272727277,93.11963199396241,0.00018547804451026715,6.257299001097938,treino
2414407,Touros,RN,Estadual,22,45.45454545454545,94.62689327228921,0.00018533248823698388,6.257484333586175,treino
4314704,Planalto,RS,Municipal,65,54.086709077215204,72.34374111812016,0.00018466704487683037,6.2576690006310525,teste
4316105,Ronda Alta,RS,Municipal,58,53.74149667854443,60.4580042509952,0.00018395359526555665,6.257852954226318,teste
4315909,Rodeio Bonito,RS,Municipal,33,48.83116886382189,51.64590979959134,0.0001836802073766392,6.258036634433695,teste
2614501,Surubim,PE,Municipal,286,58.71303700948484,70.27869589727133,0.00018156035237300763,6.258218194786068,teste
4305900,Coronel Bicaco,RS,Estadual,39,50.78947331829575,51.748783410377975,0.0001814200721211069,6.258399614858189,teste
2102374,Cachoeira Grande,MA,Municipal,92,56.050055505096374,78.66172650631597,0.00018087429397743433,6.258580489152166,treino
3546256,Santa Cruz da Esperança,SP,Municipal,21,42.56198344290007,55.805279014644604,0.0001808483906455448,6.258761337542811,validacao
2409605,Pedra Preta,RN,Municipal,16,37.5,89.03573797032023,0.0001801218581282475,6.25894145940094,validacao
3528908,Mariápolis,SP,Municipal,31,48.39646472126569,55.05258702489921,0.00017998562786349074,6.2591214450288035,treino
2807006,São Miguel do Aleixo,SE,Municipal,26,46.3519313304721,88.80243797486888,0.00017960032099270507,6.259301045349797,teste
2408409,Olho-d'Água do Borges,RN,Municipal,13,30.76923076923077,88.59320499505698,0.00017955101202716295,6.259480596361824,teste
4315313,Quatro Irmãos,RS,Municipal,15,40.00000000000001,73.4784841306658,0.00017926654194349843,6.259659862903767,validacao
2500908,Arara,PB,Municipal,53,52.89317507418397,84.12065034164506,0.00017912809282270498,6.25983899099659,treino
2913606,Ilhéus,BA,Estadual,23,43.47826086956522,99.39042465146272,0.00017907688735848808,6.260018067883949,validacao
2905156,Caetanos,BA,Municipal,28,46.42857142857143,98.89462771434545,0.00017883982502415061,6.2601969077089725,validacao
4318408,São Jerônimo,RS,Estadual,101,56.68039999446631,73.83294985202646,0.00017859953681194528,6.260375507245785,treino
4302907,Cacequi,RS,Estadual,34,50.48611100486111,86.14269167915498,0.00017853427824513616,6.2605540415240295,validacao
4304200,Candelária,RS,Estadual,45,52.380952152380964,75.90353543246768,0.00017824830704009926,6.260732289831069,treino
4310553,Itacurubi,RS,Municipal,10,42.857143116883115,67.13258626370624,0.00017776965358948444,6.260910059484659,treino
4300901,Aratiba,RS,Estadual,19,42.10526315789474,55.036202063520044,0.00017717540464734163,6.261087234889306,validacao
2506905,Itabaiana,PB,Estadual,12,33.333333333333336,67.09943638189382,0.00017684660491704168,6.2612640814942235,validacao
4317202,Santa Rosa,RS,Municipal,363,58.942331619441035,90.85439800930119,0.00017615411202387036,6.261440235606248,validacao
4321667,Três Cachoeiras,RS,Municipal,53,53.5149591789899,65.23952600942631,0.0001755837047393905,6.261615819310987,validacao
4320503,Sertão,RS,Municipal,28,47.21485433915667,76.14100836992246,0.00017441587582694637,6.2617902351868135,validacao
4316758,Santa Clara do Sul,RS,Municipal,61,54.24105323866722,64.45524115498303,0.00017439800329929593,6.261964633190113,validacao
2200707,Anísio de Abreu,PI,Municipal,126,57.01464336324988,67.86495250691209,0.00017376574281999252,6.262138398932932,treino
3536109,Pardinho,SP,Municipal,95,56.51150508737242,53.38192768184014,0.00017190288613054222,6.2623103018190625,treino
4310306,Ilópolis,RS,Municipal,29,48.3102918232496,67.4349013358282,0.0001703439679750068,6.262480645787037,validacao
3515806,Flora Rica,SP,Municipal,11,27.272727272727273,61.014485773166385,0.00017016334358740105,6.2626508091306246,treino
4312609,Muçum,RS,Estadual,10,29.999999999999996,55.095634317835106,0.0001701159311205336,6.262820925061745,teste
3126604,Francisco Dumont,MG,Municipal,16,37.5,54.30006959687175,0.00016992628125306363,6.262990851342998,treino
2507903,Juripiranga,PB,Estadual,17,41.1764705882353,83.38802917785671,0.00016902354788390675,6.263159874890882,treino
2928950,São Domingos,BA,Municipal,51,52.94117647058823,92.40050137404054,0.00016826684491270168,6.263328141735795,teste
2604502,Chã Grande,PE,Municipal,245,58.51686972820994,71.22621329947586,0.0001679311646472788,6.263496072900442,validacao
3513108,Cravinhos,SP,Municipal,335,58.99632440432997,79.02795363339578,0.0001675258621090948,6.263663598762551,treino
2208205,Pio IX,PI,Municipal,197,58.15673730507797,78.91355479409381,0.00016537089143643587,6.2638289696539875,treino
2403202,Doutor Severiano,RN,Municipal,44,52.96940611877625,71.65990841777278,0.00016433113603803173,6.263993300790026,validacao
2609303,Mirandiba,PE,Municipal,166,57.84249628528975,81.22259835232552,0.00016413010717851345,6.264157430897204,treino
3540259,Pontalinda,SP,Municipal,38,51.65945139696283,60.95073454381236,0.0001640959929224233,6.264321526890127,treino
4300307,Alecrim,RS,Municipal,12,33.333333333333336,58.11061139956784,0.0001637468513663034,6.264485273741493,treino
4310009,Ibirubá,RS,Municipal,77,55.74348673314823,68.58859378665139,0.0001635685548597019,6.264648842296353,treino
2206357,Milton Brandão,PI,Municipal,12,33.33333333333333,76.0445004250649,0.00016324301992342305,6.264812085316276,treino
4319505,São Sebastião do Caí,RS,Estadual,81,55.94290774213499,56.6070294287762,0.0001632254887181217,6.264975310804994,teste
4322251,Tupandi,RS,Municipal,64,55.06615438667172,69.42357135445462,0.00016272102854325934,6.265138031833537,treino
2414506,Umarizal,RN,Estadual,20,45.0,66.25623096393855,0.0001624825239548686,6.265300514357492,teste
4304002,Campo Novo,RS,Estadual,20,45.0,74.81259156446608,0.0001624825239548686,6.265462996881446,validacao
4305975,Coxilha,RS,Municipal,40,52.333333333333336,86.67510395613212,0.00016143944968378385,6.26562443633113,treino
2932507,Una,BA,Municipal,196,58.16326530612245,99.98486998707207,0.0001613920372169163,6.265785828368347,treino
4312054,Marques de Souza,RS,Municipal,25,47.756410234661175,63.334770179803456,0.00016121211730270836,6.26594704048565,treino
1302801,Maraã,AM,Estadual,84,56.43746174250153,90.69511379253635,0.00016091696429890393,6.266107957449949,validacao
2405207,Janduís,RN,Estadual,14,35.714285714285715,79.22667859096953,0.0001605386128133017,6.266268496062763,validacao
4315750,Riozinho,RS,Municipal,19,42.10526315789474,62.50030013809573,0.00016030155047896434,6.266428797613242,teste
5101605,Barão de Melgaço,MT,Estadual,60,55.00144969556393,52.672577424216804,0.0001602076737945669,6.266589005287036,treino
2918902,Lajedão,BA,Municipal,29,48.275862068965516,82.48069781202305,0.00015982742581028943,6.266748832712847,treino
2614303,Moreilândia,PE,Municipal,104,56.97159238988793,66.79629620940733,0.0001598222104389342,6.266908654923286,validacao
4213302,Ponte Alta,SC,Estadual,18,44.44444444444445,68.27174440808146,0.00015828177939040941,6.267066936702677,treino
4316451,Salto do Jacuí,RS,Municipal,32,50.90090082055028,54.46137425420967,0.00015786771021598204,6.267224804412893,teste
2924652,Pintadas,BA,Municipal,79,55.69620253164557,93.18211814407132,0.00015745680246691517,6.26738226121536,validacao
2901502,Anguera,BA,Municipal,84,55.95238095238095,97.91730659327908,0.00015721974013257765,6.2675394809554925,treino
5104906,Jangada,MT,Estadual,64,54.89097516656571,62.07783902130909,0.00015683854389896338,6.267696319499391,teste
1500404,Alenquer,PA,Estadual,20,45.0,84.83753887250691,0.0001554180663916134,6.267851737565783,treino
2413003,São Vicente,RN,Municipal,23,47.82608695652174,70.93800628008337,0.00015404737197447435,6.268005784937757,treino
4302808,Caçapava do Sul,RS,Estadual,92,56.79792423076923,84.22795091472702,0.00015296014721424286,6.268158745084971,treino
4306106,Cruz Alta,RS,Estadual,271,58.81668906284171,91.16487090993542,0.0001515192102175543,6.268310264295189,treino
4312302,Miraguaí,RS,Municipal,33,51.70940165351743,64.40091300773105,0.00015145122552872507,6.268461715520718,treino
4308409,Formigueiro,RS,Municipal,15,40.0,64.98682627224058,0.0001509612992236104,6.2686126768199415,treino
4306924,Engenho Velho,RS,Municipal,17,41.1764705882353,64.76960660067203,0.00015091388203920244,6.2687635907019805,teste
2410504,Rafael Fernandes,RN,Estadual,9,33.33333333333333,81.00636047421108,0.00015077306701260598,6.268914363768993,validacao
4211751,Otacílio Costa,SC,Estadual,73,56.58210669172147,69.49144081212025,0.00015068677632290722,6.269065050545316,treino
2707008,Pindoba,AL,Municipal,27,48.148148148148145,78.32009956412371,0.00015043975737052753,6.269215490302686,treino
4303608,Cambará do Sul,RS,Estadual,28,50.0,69.95064845983386,0.00015020269503619016,6.269365692997723,treino
1705102,Chapada da Natividade,TO,Municipal,42,52.38095238095238,84.41414705484732,0.00014972857036751525,6.26951542156809,validacao
2910206,Dom Macedo Costa,BA,Municipal,42,52.38095238095238,70.69601598775812,0.00014972857036751525,6.269665150138457,treino
4314035,Pareci Novo,RS,Municipal,48,53.95327969460408,71.39825027862518,0.00014943280095422933,6.269814582939412,validacao
4307302,Erval Seco,RS,Municipal,32,50.378787878787875,69.23378685723446,0.00014896997089763555,6.269963552910309,treino
1718840,Sandolândia,TO,Municipal,45,53.49693251533743,71.04745539210624,0.00014845317500877987,6.270112006085318,treino
3167509,Simão Pereira,MG,Municipal,24,48.33456698741673,52.716200824664774,0.00014816301071155096,6.27026016909603,validacao
3120300,Cristália,MG,Municipal,51,54.13895048041389,67.97152391382268,0.00014782638219679186,6.270407995478227,treino
3541059,Pratânia,SP,Municipal,82,56.47842144390456,55.038345931654995,0.00014762519013882162,6.2705556206683655,validacao
4306007,Crissiumal,RS,Municipal,116,57.41684217033263,72.68884957633371,0.00014716579849596137,6.270702786466861,validacao
4204178,Cerro Negro,SC,Municipal,26,49.870633893919795,58.51291830663685,0.00014702985275341803,6.270849816319615,treino
2917409,Jacaraci,BA,Municipal,102,56.86274509803921,79.87503855587964,0.00014688382235546624,6.27099670014197,treino
1718550,Riachinho,TO,Municipal,51,54.38502673796791,92.7160918505042,0.00014668943124130967,6.271143389573211,treino
4316477,Salvador das Missões,RS,Municipal,18,44.44444444444444,55.15968131586553,0.00014655720167369599,6.2712899467748855,treino
4311106,Jaguari,RS,Municipal,43,53.379223972119405,69.62303759357975,0.00014530805481909162,6.271435254829704,treino
4322376,Unistalda,RS,Municipal,11,38.0952381292517,76.49004742713352,0.0001447344559312158,6.271579989285636,treino
1710904,Itapiratins,TO,Municipal,45,53.558052434456926,90.2351716343939,0.0001445103542640799,6.2717244996399,treino
1502202,Capanema,PA,Municipal,622,59.48864173840187,77.05427457032343,0.00014432402326929148,6.271868823663169,teste
2805000,Pedra Mole,SE,Municipal,23,47.73547094188376,87.86939329571439,0.00014389920756615823,6.272012722870735,treino
2207934,Pedro Laurentino,PI,Municipal,23,47.35306377657357,61.87301659502249,0.00014271199939579638,6.272155434870131,teste
4302204,Boa Vista do Buricá,RS,Estadual,15,40.0,51.2178133153967,0.00014152621359944054,6.27229696108373,treino
2414308,Timbaúba dos Batistas,RN,Municipal,15,40.0,81.6040731794624,0.00014152621359944054,6.272438487297329,treino
3152402,Poté,MG,Estadual,43,53.414528055676385,51.921020204440005,0.0001413849244481754,6.272579872221777,treino
2204352,Geminiano,PI,Municipal,43,53.582819476929615,73.11921923891474,0.0001408610166892898,6.272720733238466,treino
2412302,São José do Campestre,RN,Estadual,30,50.0,86.58777696826621,0.00014081502659642824,6.2728615482650625,validacao
4319703,São Valentim,RS,Municipal,23,48.48484883449883,51.11005887811051,0.0001407173227871877,6.2730022655878495,treino
4314472,Pinhal Grande,RS,Municipal,21,47.537878770517686,74.62647947584348,0.00014066848034135435,6.273142934068191,validacao
3503109,Arandu,SP,Municipal,81,56.61014787419967,60.27320724740719,0.00014038200473404758,6.273283316072924,treino
2409209,Passagem,RN,Municipal,24,50.68664169787766,91.7223949171326,0.0001399597056941387,6.273423275778619,treino
4318465,São José do Herval,RS,Estadual,9,33.333333333333336,60.052365872498534,0.00013855502982322918,6.273561830808442,treino
2404606,Ielmo Marinho,RN,Estadual,9,33.33333333333333,71.34127633330213,0.000138303114101789,6.273700133922544,treino
2924702,Piripá,BA,Municipal,85,56.470588235294116,72.34222987001685,0.00013820734091871662,6.273838341263462,treino
4319802,São Vicente do Sul,RS,Estadual,23,47.82608695652174,75.43240786593401,0.00013738896566443785,6.273975730229127,treino
5107198,Ribeirãozinho,MT,Municipal,36,52.72863194617494,51.441030250404566,0.00013644691602392688,6.274112177145151,treino
4203709,Canelinha,SC,Estadual,10,40.00000000000001,53.63768566627417,0.00013586516505546288,6.274248042310206,validacao
2508505,Livramento,PB,Municipal,56,55.32052317132246,69.4195242710478,0.00013446507490886612,6.2743825073851145,treino
4313490,Novo Barreiro,RS,Estadual,11,36.36363636363637,81.23563192737436,0.00013391004844673536,6.274516417433561,validacao
1600238,Ferreira Gomes,AP,Estadual,11,36.36363636363637,87.13936866207945,0.0001337984556247093,6.274650215889186,treino
4307807,Estrela,RS,Estadual,49,54.77033520334058,87.88055478219417,0.00013376553616278378,6.274783981425348,treino
4313409,Novo Hamburgo,RS,Estadual,83,57.43239924121028,96.40694977191629,0.0001322043944336708,6.274916185819782,treino
4306973,Erebango,RS,Municipal,13,38.46153846153846,72.01645927670864,0.00013213854515967867,6.275048324364942,teste
2513604,Santana dos Garrotes,PB,Municipal,38,52.7599486521181,54.62247232972636,0.00013185644098181716,6.275180180805924,teste
4306452,Dois Lajeados,RS,Municipal,36,52.96875,50.55526018746048,0.0001314510643901002,6.275311631870314,treino
4116505,Nova Aliança do Ivaí,PR,Municipal,16,43.75,50.9320716591527,0.00012986464324871418,6.2754414965135625,treino
2803302,Japaratuba,SE,Municipal,167,58.28402366863905,94.78834188929083,0.0001294834470150993,6.275570979960578,teste
2111250,São José dos Basílios,MA,Municipal,73,56.16438356164384,73.28782642059365,0.00012929379714762948,6.275700273757725,treino
2404903,Itaú,RN,Municipal,31,51.651014843986665,79.31064026228798,0.00012910367315549116,6.275829377430881,validacao
4320701,Sobradinho,RS,Estadual,54,55.04081603542275,70.76724275444859,0.00012901610420672018,6.275958393535088,treino
2607505,Itaíba,PE,Municipal,205,58.60212469355381,55.54653406276765,0.0001280122381682012,6.276086405773256,treino
4323507,Vista Alegre,RS,Municipal,9,33.33333333333333,62.68022076600368,0.000125959119051692,6.276212364892308,treino
1301100,Careiro,AM,Estadual,83,57.250300842358605,76.40341492978024,0.00012527701295461633,6.276337641905262,treino
4311627,Lindolfo Collor,RS,Estadual,19,47.368421052631575,74.88587281520809,0.000124772149797492,6.27646241405506,treino
2506707,Imaculada,PB,Estadual,23,50.148367952522264,61.96131836215193,0.0001246492718932908,6.276587063326954,teste
3513603,Cunha,SP,Municipal,135,58.09166715467243,68.14029650248634,0.0001243194053587797,6.276711382732312,treino
2210938,Sussuapara,PI,Municipal,62,55.81213917927914,57.965665260951695,0.0001242163960707906,6.276835599128383,teste
4203956,Capivari de Baixo,SC,Municipal,132,58.80272796160647,76.33048865902497,0.00012357869839142165,6.276959177826774,treino
4314308,Pejuçara,RS,Estadual,11,36.36363636363637,58.21452507912803,0.00012275087671991677,6.2770819287034945,treino
4300471,Almirante Tamandaré do Sul,RS,Estadual,11,36.36363636363637,54.94893547414803,0.00012275087671991677,6.2772046795802146,teste
4316428,Sagrada Família,RS,Municipal,16,43.75,69.75095505688502,0.00012251381438557936,6.2773271933946,treino
3553500,Tapiraí,SP,Municipal,103,57.45098021680672,60.35755131077715,0.00012191977314323023,6.2774491131677435,teste
4306932,Entre-Ijuís,RS,Municipal,25,51.03448275862069,82.24077127503855,0.00012189745231630206,6.2775710106200595,treino
3549607,São José do Barreiro,SP,Municipal,34,52.77777777777778,56.76484775764068,0.00012156556504822967,6.277692576185108,treino
1300607,Benjamin Constant,AM,Estadual,116,58.04464415132628,51.73693785183284,0.00012137686343009616,6.277813953048538,treino
3142254,Miravânia,MG,Municipal,12,41.66666666666667,52.66006192395179,0.00012137401868208506,6.27793532706722,treino
1303908,São Paulo de Olivença,AM,Estadual,140,58.15930889055166,69.04016661242338,0.000121328028589224,6.278056655095809,treino
4318499,São José do Inhacorá,RS,Municipal,24,49.66666679466666,55.11646485525079,0.00012129689094469809,6.278177951986754,treino
3555505,Ubirajara,SP,Municipal,66,56.25134256248273,60.91330323713433,0.00012109429646388789,6.278299046283218,validacao
2201309,Barreiras do Piauí,PI,Municipal,27,50.78627591136526,66.66515557531143,0.00012090273876142226,6.27841994902198,treino
4314605,Piratini,RS,Estadual,106,57.67543866093414,73.25945331864243,0.0001202380149186415,6.278540187036898,treino
3527702,Luiziânia,SP,Municipal,47,54.95147528536033,66.14630334226503,0.00011965710225948724,6.278659844139158,validacao
1300086,Anamã,AM,Municipal,32,53.494347379239464,99.0440274656967,0.00011820307289798766,6.278778047212056,treino
2410801,Riacho de Santana,RN,Municipal,31,53.366649132035775,86.86200783117405,0.00011777161944949355,6.278895818831505,treino
4320321,Senador Salgado Filho,RS,Municipal,24,50.0,51.92653468198313,0.00011734585925209092,6.279013164690757,validacao
4307104,Herval,RS,Estadual,22,51.1564624834791,58.498583907115446,0.00011607475284407347,6.279129239443601,teste
4203402,Campo Belo do Sul,SC,Municipal,30,53.3189422558014,58.23712724872474,0.00011563616194178205,6.279244875605543,teste
2105005,Humberto de Campos,MA,Municipal,334,59.22577782707559,62.51078523299428,0.00011527772369226345,6.279360153329235,treino
4314076,Passo do Sobrado,RS,Municipal,24,50.18181819927272,59.622293945450686,0.0001151907436205556,6.279475344072856,treino
4321808,Três de Maio,RS,Estadual,47,55.15506822214559,81.85868619200316,0.00011473415203471596,6.279590078224891,treino
1303007,Nhamundá,AM,Municipal,84,57.09137409904674,68.21356152908452,0.00011454757170250455,6.279704625796594,treino
3549953,São Lourenço da Serra,SP,Municipal,137,58.40223381414345,50.974859405015195,0.00011433059227924693,6.279818956388873,treino
4311254,Lagoão,RS,Municipal,14,42.857142857142854,66.16183594771664,0.00011312614594581744,6.279932082534819,treino
4313441,Novo Tiradentes,RS,Municipal,19,47.36842105263158,75.895859213659,0.00011288908361148007,6.28004497161843,treino
4322541,Vale Real,RS,Estadual,24,50.0,71.59485990388067,0.00011265202127714261,6.280157623639708,treino
4303400,Caiçara,RS,Estadual,20,50.0,66.07069933175157,0.00011265202127714261,6.280270275660985,treino
2111631,São Raimundo do Doca Bezerra,MA,Municipal,47,55.337564916330074,59.60679000057121,0.00011246284553434119,6.280382738506519,validacao
4311155,Jóia,RS,Estadual,40,54.20054208341596,72.11987917909609,0.00011079239717916589,6.280493530903699,treino
1300029,Alvarães,AM,Municipal,148,58.485069191551354,97.01556017298296,0.00011052983926015376,6.2806040607429585,treino
4313300,Nova Prata,RS,Estadual,84,57.45060028441853,72.50748839428731,0.00011032547918174868,6.28071438622214,treino
2405702,Jardim do Seridó,RN,Municipal,53,56.4885496183206,90.40152685758078,0.00011018088350400949,6.280824567105644,treino
2404903,Itaú,RN,Estadual,16,50.0,69.17244051625042,0.00010814594042605687,6.28093271304607,validacao
2401909,Caiçara do Rio do Vento,RN,Estadual,15,46.666666666666664,69.00743928659715,0.00010634853380711057,6.281039061579877,treino
4309126,Gramado dos Loureiros,RS,Municipal,8,37.5,56.14954572255768,0.0001062039257831648,6.2811452655056605,teste
4309159,Gramado Xavier,RS,Estadual,8,37.5,59.456843162206106,0.0001062039257831648,6.281251469431444,treino
2413003,São Vicente,RN,Estadual,25,52.0,69.0157641739111,0.00010487637671087521,6.281356345808155,treino
4318804,São Lourenço do Sul,RS,Municipal,287,59.261066916433876,76.3562278968272,0.00010409047693395686,6.281460436285089,treino
2412104,São João do Sabugi,RN,Estadual,10,40.00000000000001,59.48872739216703,0.00010378588997292304,6.281564222175062,treino
2807105,Simão Dias,SE,Estadual,74,57.141051567239636,97.06906544053435,0.00010349572567569394,6.281667717900738,treino
2800670,Boquim,SE,Estadual,22,50.0,97.16290540372997,0.00010326435283738071,6.281770982253575,teste
4312203,Maximiliano de Almeida,RS,Estadual,22,50.0,56.48767114338791,0.00010326435283738071,6.281874246606413,treino
3522158,Itaóca,SP,Municipal,27,51.851851851851855,54.480447545834586,0.00010302729050304325,6.281977273896916,validacao
4313607,Paim Filho,RS,Municipal,30,53.125,52.24780455030221,0.00010279022816870588,6.2820800641250845,treino
4306767,Eldorado do Sul,RS,Estadual,11,45.45454545454545,72.53744764809599,0.00010273419799289558,6.282182798323078,treino
4304804,Carlos Barbosa,RS,Estadual,81,57.46853686161717,80.04918816800898,0.00010260067986348105,6.282285399002941,treino
1705557,Combinado,TO,Municipal,55,56.123163051084674,62.34577640599866,0.00010235592997219999,6.282387754932913,teste
4317400,Santiago,RS,Estadual,139,58.44561464892839,82.97296618352935,0.00010205487775280612,6.282489809810666,teste
4112900,Jundiaí do Sul,PR,Municipal,47,55.416666666666664,50.653067131866926,0.00010203162869882604,6.282591841439364,treino
2607802,Itaquitinga,PE,Municipal,78,57.338787295476415,75.00119113613265,0.00010093545246485003,6.282692776891829,teste
4322855,Vespasiano Correa,RS,Municipal,15,46.66666666666667,50.38853770450389,0.00010038799965121162,6.28279316489148,treino
4322004,Triunfo,RS,Estadual,67,56.99404730138061,73.72125159931267,9.920043781229469e-05,6.2828923653292925,treino
2412708,São Pedro,RN,Estadual,18,50.0,81.50774318850658,9.885214867069265e-05,6.282991217477964,treino
4312609,Muçum,RS,Municipal,28,53.58936965346219,64.52062894603246,9.87368434288045e-05,6.283089954321392,teste
4314134,Paulo Bento,RS,Municipal,20,50.0,63.66425425602537,9.857051861749976e-05,6.28318852484001,treino
2210979,Tanque do Piauí,PI,Municipal,20,50.0,51.90510590441038,9.857051861749976e-05,6.283287095358627,treino
4319125,São Martinho da Serra,RS,Municipal,13,46.15384615384615,67.62525612022942,9.776086347835095e-05,6.2833848562221055,treino
1502202,Capanema,PA,Estadual,30,53.55805243445693,90.08061713845424,9.634023617605326e-05,6.283481196458282,teste
2516201,Sousa,PB,Estadual,28,53.57142857142857,73.39099943861007,9.577697606966764e-05,6.283576973434352,treino
4319000,São Marcos,RS,Estadual,53,56.4184953005621,71.02019286101135,9.573870186269911e-05,6.283672712136214,treino
2411403,Santana do Matos,RN,Municipal,21,51.90380761523046,92.37519891654753,9.459024202397446e-05,6.283767302378238,teste
2801900,Cumbe,SE,Municipal,33,54.52586206896553,79.22254782401595,9.458218190460678e-05,6.283861884560142,teste
4321402,Tenente Portela,RS,Estadual,25,52.243589649901374,63.23496331473455,9.438241708042061e-05,6.283956266977222,treino
4321832,Três Forquilhas,RS,Municipal,10,40.0,69.32001601217308,9.435080906629373e-05,6.2840506177862885,treino
4311601,Liberato Salzano,RS,Estadual,15,46.666666666666664,52.31208033814483,9.411374673195626e-05,6.28414473153302,treino
2203750,Fartura do Piauí,PI,Municipal,25,52.0,71.85272794099349,9.363962206328144e-05,6.284238371155084,teste
3530409,Mirassolândia,SP,Municipal,48,55.960784,51.34449467417779,9.338397404193201e-05,6.284331755129125,treino
2211704,Wall Ferraz,PI,Municipal,35,54.285714285714285,64.2463012086409,9.31654973946066e-05,6.28442492062652,treino
2404101,Galinhos,RN,Municipal,35,55.21355285134812,89.55387857162455,9.31223520497573e-05,6.28451804297857,treino
3515194,Espírito Santo do Turvo,SP,Municipal,48,56.137820539786745,53.97823674593878,9.275458779171218e-05,6.284610797566362,validacao
4321600,Tramandaí,RS,Estadual,110,58.35777776,86.19713655277641,9.140070107037179e-05,6.284702198267432,treino
4203154,Calmon,SC,Municipal,75,57.90848307563728,50.662625620740265,9.03814373401477e-05,6.284792579704773,validacao
2406205,Lagoa d'Anta,RN,Estadual,19,52.63157894736842,87.67860876717826,8.970296493927417e-05,6.284882282669712,validacao
2403004,Cruzeta,RN,Estadual,16,50.0,60.43289925403161,8.937060354653314e-05,6.284971653273259,treino
4323408,Vila Maria,RS,Estadual,18,50.0,51.23750752516665,8.918285393280529e-05,6.285060836127192,treino
4312104,Mata,RS,Municipal,11,45.45454545454545,69.87140074568023,8.903630392266402e-05,6.285149872431115,teste
4322608,Venâncio Aires,RS,Municipal,265,59.2447676351775,80.6760619019736,8.791729759971225e-05,6.285237789728714,teste
2200277,Alegrete do Piauí,PI,Municipal,38,55.26315789473684,57.50575854208586,8.771780495153255e-05,6.285325507533665,treino
4202800,Braço do Norte,SC,Municipal,259,59.36058394160584,61.70473573305182,8.759453253767704e-05,6.285413102066203,treino
4120903,Quedas do Iguaçu,PR,Estadual,25,54.13533834586466,66.33848420967787,8.724273203352049e-05,6.285500344798236,treino
4322707,Vera Cruz,RS,Estadual,38,55.555555634920644,63.90325377188558,8.651194753300563e-05,6.285586856745769,validacao
2610400,Parnamirim,PE,Municipal,175,58.91215664944248,69.16172075355085,8.610815170138124e-05,6.28567296489747,teste
4311734,Mampituba,RS,Municipal,36,55.14874151511501,80.88069589014704,8.560217536117129e-05,6.285758567072832,treino
2405009,Jaçanã,RN,Estadual,21,52.38095238095239,72.16978837411672,8.534528510948367e-05,6.285843912357941,validacao
3516804,Gastão Vidigal,SP,Municipal,30,54.296875,57.30856428521166,8.501055309339927e-05,6.285928922911034,treino
4319737,São Valério do Sul,RS,Municipal,13,46.15384615384615,77.83539084991824,8.47260782921944e-05,6.286013648989326,treino
4320552,Sertão Santana,RS,Municipal,13,46.15384615384615,55.78786910254061,8.47260782921944e-05,6.286098375067618,treino
2106631,Matões do Norte,MA,Municipal,68,57.42587974508174,50.444232078707785,8.467013158129083e-05,6.286183045199199,treino
4306973,Erebango,RS,Estadual,16,50.0,63.33213646909116,8.448901595785698e-05,6.286267534215157,teste
4302600,Braga,RS,Estadual,23,52.17391304347826,76.24436527552483,8.425195362351952e-05,6.2863517861687805,treino
5004809,Japorã,MS,Estadual,28,53.57142857142857,62.20320685763623,8.401489128918207e-05,6.28643580106007,teste
4306379,Dilermando de Aguiar,RS,Municipal,27,53.57142857142857,66.82507373543352,8.401489128918207e-05,6.286519815951359,teste
4319208,São Nicolau,RS,Estadual,27,53.84615336870028,78.88596880036661,8.323806454209232e-05,6.2866030540159015,treino
4301651,Barão,RS,Municipal,31,55.151515125223526,54.18027777689603,8.303596636550276e-05,6.286686089982267,treino
4312658,Não-Me-Toque,RS,Municipal,120,58.64141137210966,88.2832933973106,8.287357359808842e-05,6.286768963555866,treino
2804102,Moita Bonita,SE,Municipal,90,58.025629887054734,90.25508833623816,8.183012481592823e-05,6.2868507936806814,teste
4315107,Porto Xavier,RS,Municipal,31,54.729729740001815,79.12868217819931,8.062226525900953e-05,6.286931415945941,treino
5107008,Poxoréo,MT,Estadual,14,50.0,88.43358209136987,7.951355168478314e-05,6.287010929497626,treino
2109205,Presidente Juscelino,MA,Municipal,82,57.94236723029292,81.75192305346901,7.794704377948139e-05,6.2870888765414055,validacao
3508801,Cafelândia,SP,Estadual,23,53.33333322666666,60.07477688308539,7.783546708243542e-05,6.287166712008488,treino
4301800,Barracão,RS,Municipal,43,56.36566307115506,71.30966547004576,7.708295063205469e-05,6.28724379495912,teste
3512803,Cosmópolis,SP,Municipal,529,59.61322320961818,77.56913837966286,7.587011684358767e-05,6.287319665075963,validacao
4306304,David Canabarro,RS,Municipal,11,45.45454545454545,53.40437358507604,7.533840985243249e-05,6.287395003485816,validacao
2922706,Nova Canaã,BA,Municipal,16,50.0,97.69996363229203,7.510134751809508e-05,6.287470104833334,validacao
4311759,Manoel Viana,RS,Municipal,12,50.0,72.75874507010332,7.510134564056136e-05,6.287545206178974,treino
1721307,Tupiratins,TO,Municipal,26,53.84615384615385,82.14811969345223,7.462722284942023e-05,6.287619833401823,validacao
4303558,Camargo,RS,Municipal,36,55.55555555555556,58.177518497273596,7.415309818074541e-05,6.287693986500004,treino
3526407,Laranjal Paulista,SP,Municipal,271,59.369899182657385,59.809780064084904,7.389215974832948e-05,6.287767878659753,treino
4314803,Portão,RS,Estadual,9,44.44444444444444,83.08347011299153,7.327860083684799e-05,6.28784115726059,teste
4314027,Paraíso do Sul,RS,Municipal,19,52.592592631393295,63.87416701223163,7.275706370130575e-05,6.287913914324291,treino
4308052,Faxinalzinho,RS,Municipal,14,51.879699220419475,69.63861816907357,7.224982616577054e-05,6.287986164150456,treino
4321907,Três Passos,RS,Estadual,34,55.67901237688615,82.97649115949527,7.20458766982933e-05,6.288058210027154,treino
4216206,São Francisco do Sul,SC,Estadual,119,59.19067537716783,92.83723177225555,7.15563173704134e-05,6.288129766344524,treino
2107407,Olho d'Água das Cunhãs,MA,Municipal,141,58.92231876540008,72.51103149411126,7.148756929345529e-05,6.288201253913818,treino
4300059,Água Santa,RS,Municipal,29,55.086848611222294,78.12243789300392,7.07430494012891e-05,6.2882719969632195,treino
4314423,Picada Café,RS,Municipal,52,57.1428573015873,60.594597120163776,7.059038510786815e-05,6.288342587348327,treino
2414506,Umarizal,RN,Municipal,10,50.0,96.76316384625207,7.040751329821412e-05,6.288412994861625,teste
4314050,Parobé,RS,Estadual,14,50.00000000000001,91.34374124218,7.009459320734472e-05,6.288483089454832,teste
3532306,Natividade da Serra,SP,Municipal,64,57.88649710146637,62.80357427667158,6.968955018603833e-05,6.288552779005018,treino
2111003,São João Batista,MA,Municipal,89,58.415841584158414,79.48355054219203,6.89391491993283e-05,6.288621718154217,teste
2400505,Alexandria,RN,Municipal,134,58.96630683676809,97.33148064605939,6.766470208992939e-05,6.288689382856307,treino
1502707,Conceição do Araguaia,PA,Estadual,17,52.94117647058824,87.26591911751117,6.618495899899597e-05,6.288755567815306,validacao
2209401,Santo Antônio de Lisboa,PI,Municipal,32,55.69007263922518,53.57789887785762,6.594884491399592e-05,6.28882151666022,treino
2412401,São José do Seridó,RN,Municipal,36,56.43143143143142,85.2761361842858,6.571557557700796e-05,6.288887232235797,validacao
2516904,Uiraúna,PB,Estadual,14,50.0,79.51946024607956,6.571367907833317e-05,6.288952945914875,treino
2927101,Rodelas,BA,Estadual,14,50.0,92.2565325381499,6.571367907833317e-05,6.289018659593954,teste
4307831,Eugênio de Castro,RS,Municipal,14,50.0,59.07079827048054,6.571367907833317e-05,6.289084373273033,validacao
4312443,Morrinhos do Sul,RS,Estadual,14,50.0,53.04751352311329,6.571367907833317e-05,6.2891500869521115,treino
1715002,Nova Rosalândia,TO,Municipal,29,55.392809587217045,81.23997541504968,6.419458363989888e-05,6.2892142815357515,treino
1717206,Piraquê,TO,Municipal,22,54.54545454545455,79.95485424096678,6.367115000568196e-05,6.289277952685757,treino
2501807,Bayeux,PB,Estadual,35,56.421052631578945,62.88161626783564,6.267928119881418e-05,6.289340631966956,treino
2506301,Guarabira,PB,Municipal,422,59.62225086092155,74.70976851605724,6.233174781667452e-05,6.289402963714773,teste
4320107,Sarandi,RS,Estadual,54,57.56802715348639,80.99106753689816,6.191616623196749e-05,6.289464879881005,treino
4310363,Imigrante,RS,Municipal,12,50.0,65.40772427791741,6.101984298091859e-05,6.289525899723986,treino
4320305,Selbach,RS,Municipal,12,50.0,72.08183397847941,6.101984298091859e-05,6.289586919566967,treino
5000708,Anastácio,MS,Estadual,22,54.545454545454554,54.56756491025521,6.0878555707187076e-05,6.289647798122674,treino
4300851,Arambaré,RS,Municipal,20,55.0,82.48707534948485,6.040348278917493e-05,6.289708201605463,treino
2504157,Casserengue,PB,Municipal,87,58.520547945205486,72.1873147064656,5.9680442669445456e-05,6.289767882048133,validacao
4312427,Mormaço,RS,Estadual,17,52.94117647058823,72.72631876811961,5.9388296554808e-05,6.289827270344688,treino
1720002,Santa Terezinha do Tocantins,TO,Municipal,42,57.14285714285714,76.07170372658715,5.874689119682516e-05,6.289886017235885,validacao
4304853,Carlos Gomes,RS,Municipal,12,50.0,58.597426576273826,5.6326010638571305e-05,6.289942343246524,treino
4323358,Vila Lângaro,RS,Municipal,17,52.94117647058823,62.29566449241586,5.608894830423389e-05,6.289998432194828,treino
4305702,Condor,RS,Municipal,54,57.9753397053223,56.19132179702759,5.5664265308595935e-05,6.290054096460136,treino
2505279,Curral de Cima,PB,Municipal,27,55.55555555555556,55.2371729305394,5.561482363555897e-05,6.290109711283772,treino
1720937,Taipas do Tocantins,TO,Municipal,27,55.55555555555556,82.4805004520848,5.561482363555897e-05,6.290165326107407,validacao
4302659,Brochier,RS,Municipal,47,57.4468085106383,77.64225317318699,5.466657429820931e-05,6.290219992681705,treino
4310405,Independência,RS,Municipal,47,57.670127035981636,63.93561612137451,5.391912626424314e-05,6.29027391180797,teste
3102407,Alvorada de Minas,MG,Estadual,47,57.57071547420965,56.81932762016928,5.309816989423284e-05,6.290327009977863,treino
2800100,Amparo de São Francisco,SE,Municipal,10,50.0,85.22235522047413,5.1632176418690355e-05,6.290378642154282,treino
4315149,Presidente Lucena,RS,Municipal,45,57.679180932101715,62.80607618709555,5.141881966823586e-05,6.29043006097395,validacao
4308433,Forquetinha,RS,Municipal,20,55.21739130434783,66.89896649252557,5.106322681628056e-05,6.290481124200767,treino
1718402,Presidente Kennedy,TO,Municipal,45,57.82872819909857,66.95537798655344,5.011355510492467e-05,6.2905312377558715,validacao
2404309,Governador Dix-Sept Rosado,RN,Estadual,25,56.0,85.31281059115359,4.9925327611460815e-05,6.290581163083483,treino
3504909,Bananal,SP,Municipal,70,58.620504365015776,68.61040732725445,4.974451725793614e-05,6.290630907600741,treino
5107040,Primavera do Leste,MT,Estadual,23,56.52173913043479,87.92087480540637,4.789133278284576e-05,6.290678798933524,treino
2205557,Lagoa Alegre,PI,Municipal,94,58.86839121921055,64.06577100195673,4.745845696034551e-05,6.290726257390485,teste
3539905,Poloni,SP,Estadual,45,57.87450391485306,51.11525335734293,4.609620855738315e-05,6.290772353599043,treino
2409100,Passa e Fica,RN,Estadual,13,53.84615384615385,88.70863117382638,4.5895742052393436e-05,6.290818249341095,teste
1101468,Pimenteiras do Oeste,RO,Municipal,36,57.65472312703582,50.08124834433785,4.5753978776459635e-05,6.2908640033198715,treino
4201109,Anitápolis,SC,Municipal,26,56.90661478599221,54.23159728468454,4.376929291338692e-05,6.290907772612785,validacao
4314175,Pedras Altas,RS,Municipal,20,55.90689540910044,74.04099015809064,4.354427618564055e-05,6.290951316888971,treino
1707553,Fátima,TO,Municipal,37,57.81569965870307,75.40641180694428,4.3432190273959064e-05,6.290994749079244,treino
5003801,Fátima do Sul,MS,Municipal,252,59.585660241397946,52.312348307129966,4.136500671853736e-05,6.291036114085963,validacao
5005103,Jateí,MS,Estadual,52,58.36749242559259,62.31838239029347,4.076950613468106e-05,6.291076883592098,validacao
5003108,Corguinho,MS,Municipal,68,58.66569978245106,62.991770657649504,4.035037992757253e-05,6.291117233972026,treino
4301958,Barra Funda,RS,Municipal,13,53.84615384615385,68.62368865577575,4.0183890087694194e-05,6.291157417862113,treino
4312757,Nova Alvorada,RS,Estadual,13,53.84615384615385,50.25985832972522,4.0183890087694194e-05,6.2911976017522,validacao
4308201,Flores da Cunha,RS,Estadual,66,58.79177109890406,64.32004132056966,3.9933337991472116e-05,6.291237535090192,validacao
2704906,Mar Vermelho,AL,Municipal,33,57.64769355273806,62.11336150913955,3.958609096166864e-05,6.291277121181154,treino
4312450,Morro Redondo,RS,Estadual,18,55.55555555555556,65.63918583692478,3.91363590210178e-05,6.291316257540175,treino
1301159,Careiro da Várzea,AM,Estadual,18,56.73076923076923,92.84600569941244,3.9067872698807036e-05,6.291355325412874,validacao
4300638,Amaral Ferrador,RS,Municipal,23,57.196969904040394,77.83728889581003,3.844719797257859e-05,6.291393772610847,validacao
4308201,Flores da Cunha,RS,Municipal,213,59.55860507384635,75.61918491275767,3.787611943187503e-05,6.291431648730279,validacao
4300208,Ajuricaba,RS,Estadual,13,53.84615384615385,62.351124412075755,3.731361142471012e-05,6.291468962341703,teste
2414753,Venha-Ver,RN,Municipal,13,53.84615384615385,91.23344199599946,3.731361142471012e-05,6.291506275953128,validacao
4302659,Brochier,RS,Estadual,13,53.84615384615385,69.71466720765787,3.731361142471012e-05,6.291543589564553,treino
4110003,Iguaraçu,PR,Municipal,67,58.92945239269857,62.50736561302086,3.730981842736049e-05,6.29158089938298,treino
4300638,Amaral Ferrador,RS,Estadual,18,55.55555555555556,85.91230038701985,3.707654909037271e-05,6.291617975932071,validacao
2918704,Lafaiete Coutinho,BA,Municipal,23,56.52173913043478,80.32545679854263,3.683948675603525e-05,6.291654815418827,treino
4317905,Santo Cristo,RS,Estadual,33,57.647058858131494,65.86277924735235,3.631794959678655e-05,6.291691133368424,treino
2900306,Acajutiba,BA,Municipal,93,59.13978494623656,99.29600601751412,3.352061407531142e-05,6.2917246539825,treino
4312104,Mata,RS,Estadual,11,54.54545454545455,54.64330846348802,3.3003387671774134e-05,6.291757657370171,teste
2616001,Venturosa,PE,Municipal,109,59.28577742420224,73.6038939374185,3.294550085220854e-05,6.291790602871023,validacao
2804706,Nossa Senhora de Lourdes,SE,Municipal,60,58.77049180327869,98.18543873204861,3.266718967169667e-05,6.291823270060695,validacao
4311239,Lagoa Bonita do Sul,RS,Municipal,11,54.166666597222225,54.62673506177582,3.261977814359601e-05,6.291855889838838,teste
3546306,Santa Cruz das Palmeiras,SP,Municipal,278,59.68854343807992,79.3242817746295,3.198191062329023e-05,6.291887871749461,treino
3106101,Belmiro Braga,MG,Municipal,29,57.656458055925434,50.14168821363343,3.1954106170009585e-05,6.291919825855631,treino
4320263,Segredo,RS,Estadual,16,56.25,58.003306133074304,3.114999073193717e-05,6.291950975846363,validacao
4323200,Victor Graeff,RS,Municipal,16,56.25,63.400754360653366,3.114999073193717e-05,6.2919821258370945,treino
4321105,Tapes,RS,Municipal,85,59.24696623217382,88.11621551728393,3.0342703352418508e-05,6.292012468540447,teste
4312153,Mato Leitão,RS,Municipal,41,58.39002281881007,61.61541937304422,3.0068531375089137e-05,6.292042537071822,treino
4319356,São Pedro da Serra,RS,Municipal,54,58.77100843515532,68.78057079193954,2.9975834251230807e-05,6.292072512906073,treino
2600500,Águas Belas,PE,Municipal,441,59.76521270866989,54.90972958835374,2.9668351142327446e-05,6.292102181257215,treino
3529658,Mesópolis,SP,Municipal,16,56.25,64.31185373143917,2.9419435691273984e-05,6.2921316006929064,treino
4300109,Agudo,RS,Estadual,16,56.25,56.50112939562044,2.9419435691273984e-05,6.292161020128598,validacao
3300936,Carapebus,RJ,Municipal,138,59.53966584881411,82.25492103129196,2.924495781320185e-05,6.292190265086411,validacao
3157104,Salto da Divisa,MG,Municipal,74,59.13978494623655,51.49088619829669,2.882772810476761e-05,6.292219092814516,treino
4300570,Alto Feliz,RS,Municipal,31,58.31490491247469,75.19978249816866,2.855824226187331e-05,6.292247651056778,treino
2104057,Estreito,MA,Municipal,500,59.79468403955562,71.08046254913235,2.7822109682509114e-05,6.292275473166461,treino
5005103,Jateí,MS,Municipal,16,56.25,60.030222068398686,2.76888806506108e-05,6.292303162047111,validacao
4315503,Restinga Seca,RS,Estadual,48,58.833876759117445,67.73479962607773,2.6790192503644528e-05,6.292329952239615,treino
2914109,Ipupiara,BA,Municipal,71,59.15492957746479,76.43252942841667,2.508119497289901e-05,6.292355033434587,treino
4304697,Capitão,RS,Municipal,33,58.547008267587124,53.500336418996675,2.501798370959815e-05,6.292380051418297,teste
4317806,Santo Augusto,RS,Estadual,66,59.14369598094265,75.43803925433448,2.4742185366123822e-05,6.292404793603663,treino
3501400,Álvaro de Carvalho,SP,Municipal,30,58.333333333333336,69.6999238718778,2.4512245370489347e-05,6.2924293058490335,treino
3502200,Angatuba,SP,Municipal,232,59.70974148806628,67.85490453580772,2.372424458596221e-05,6.292453030093619,treino
4306551,Dom Pedro de Alcântara,RS,Municipal,14,57.142857142857146,55.97493430451972,2.353013024682306e-05,6.292476560223866,treino
4322301,Tuparendi,RS,Estadual,9,55.55555555555554,60.8901489384606,2.2657890698821668e-05,6.292499218114565,treino
1200013,Acrelândia,AC,Municipal,180,59.69741003504573,86.22602242075864,2.24744575445247e-05,6.29252169257211,validacao
1720309,São Sebastião do Tocantins,TO,Municipal,49,58.96,93.92789544143861,2.2283859427717557e-05,6.292543976431538,validacao
3552106,Socorro,SP,Municipal,216,59.7141244868635,61.66403485813194,2.1855784800227392e-05,6.292565832216338,teste
2804458,Nossa Senhora Aparecida,SE,Municipal,46,59.011033919084596,90.19014777911242,2.062726783536771e-05,6.292586459484173,teste
4322343,Ubiretama,RS,Municipal,9,55.55555555555556,55.09414765376568,2.0598082622003967e-05,6.292607057566795,treino
4309803,Ibiaçá,RS,Estadual,9,55.55555555555556,50.06021388512873,2.0598082622003967e-05,6.292627655649417,validacao
3127057,Fronteira dos Vales,MG,Municipal,29,58.652148322542665,52.740815496583004,2.010383420115079e-05,6.292647759483618,validacao
2403400,Equador,RN,Municipal,47,59.17098445595855,95.43342382701591,2.001280226476513e-05,6.292667772285883,validacao
2614006,Serrita,PE,Municipal,201,59.70445210330013,65.30606648982413,1.9637769651842874e-05,6.292687410055535,validacao
3544103,Rio Grande da Serra,SP,Municipal,14,57.142857142857146,84.44716756791722,1.960844217737278e-05,6.292707018497713,treino
2505501,Vista Serrana,PB,Municipal,24,58.31732616212064,55.342506966339364,1.953251397539742e-05,6.292726551011688,treino
4303202,Cacique Doble,RS,Municipal,19,58.191287848405935,54.722021996362756,1.9443422147673653e-05,6.292745994433836,treino
2400307,Afonso Bezerra,RN,Municipal,43,59.244308089778784,97.78884025905386,1.9252780420879326e-05,6.292765247214256,treino
1720259,São Salvador do Tocantins,TO,Municipal,45,59.089981636400736,74.39298118734418,1.882227522172236e-05,6.292784069489478,treino
4314787,Ponte Preta,RS,Municipal,19,57.89473684210526,64.14665457937818,1.806414987651152e-05,6.292802133639355,treino
2506608,Ibiara,PB,Municipal,29,58.62068965517241,66.31545357971798,1.7590025207836604e-05,6.292819723664563,treino
1703206,Bernardo Sayão,TO,Municipal,56,59.27710843373494,83.7921963237383,1.7158571759342492e-05,6.292836882236322,validacao
5103858,Gaúcha do Norte,MT,Municipal,100,59.59012086179717,62.801138509571096,1.6775479027053234e-05,6.292853657715349,teste
2111573,São Pedro dos Crentes,MA,Municipal,72,59.47147443813287,76.24631295207926,1.6453074252354082e-05,6.292870110789601,teste
2402006,Caicó,RN,Estadual,65,59.42628799771658,85.55743497544029,1.573762012732371e-05,6.292885848409728,treino
1712157,Lavandeira,TO,Municipal,29,58.80587058038692,72.1580230857785,1.5552237381872296e-05,6.29290140064711,treino
3553302,Tambaú,SP,Municipal,189,59.74192457775641,71.13959066778874,1.5064438934045526e-05,6.292916465086043,treino
2205565,Lagoa do Barro do Piauí,PI,Municipal,81,59.51807228915663,54.5288763942593,1.5029751996992523e-05,6.29293149483804,validacao
2514206,São José da Lagoa Tapada,PB,Municipal,84,59.523809523809526,53.37680826403519,1.4982339530124813e-05,6.29294647717757,treino
5005707,Naviraí,MS,Municipal,801,59.86495017360327,55.40305663869606,1.4741484198438688e-05,6.292961218661769,treino
2610103,Palmeirina,PE,Municipal,62,59.42947702060222,62.4184572672816,1.4076761412956121e-05,6.292975295423181,treino
4315909,Rodeio Bonito,RS,Estadual,36,59.12280683056325,52.69375839758204,1.4002485066067656e-05,6.292989297908247,teste
1701051,Angico,TO,Municipal,34,59.122712594187306,85.07430016254133,1.369461693000401e-05,6.293002992525177,treino
2706703,Penedo,AL,Estadual,34,59.122712594187306,96.51833685352959,1.369461693000401e-05,6.293016687142107,validacao
4310504,Iraí,RS,Municipal,49,59.366097031167556,72.861172581578,1.3669374556350376e-05,6.293030356516664,treino
3554607,Timburi,SP,Municipal,29,58.98617501263565,54.44565795249987,1.3431275790228088e-05,6.293043787792454,treino
1720853,Sucupira,TO,Municipal,29,58.988015978695074,63.04866297834444,1.298911942301594e-05,6.293056776911877,treino
3132107,Itacarambi,MG,Estadual,40,59.28338762214984,52.81024402760117,1.2565251969220505e-05,6.293069342163847,teste
4316956,Santa Maria do Herval,RS,Municipal,37,59.25612842360794,67.81974901501394,1.1905740728907865e-05,6.293081247904576,treino
4301859,Barra do Guarita,RS,Estadual,12,58.333333333333336,65.79818867157424,1.1884724730997862e-05,6.2930931326293065,teste
3552809,Taboão da Serra,SP,Estadual,50,59.42307692307692,55.232481894739784,1.1758291783135984e-05,6.293104890921089,validacao
2202117,Campo Alegre do Fidalgo,PI,Municipal,34,59.32560590094837,54.33988326520438,1.0337814275786199e-05,6.293115228735365,teste
4314209,Pedro Osório,RS,Estadual,17,58.8235294117647,69.14903611296327,1.0207625321781744e-05,6.293125436360687,teste
4300455,Alegria,RS,Municipal,17,58.82352941176471,58.73491694491146,1.012256196542387e-05,6.2931355589226525,treino
4312179,Mato Queimado,RS,Municipal,12,58.333333333333336,54.47147652430348,9.656338788226157e-06,6.293145215261441,treino
2414100,Tenente Ananias,RN,Estadual,12,58.33333333333333,85.24816910769354,9.626627272773992e-06,6.293154841888714,treino
4317707,Santo Antônio das Missões,RS,Estadual,22,59.090909090909086,72.97238845714664,9.590248673125809e-06,6.293164432137387,validacao
4303905,Campo Bom,RS,Estadual,22,59.090909090909086,81.62769218310912,9.590248673125809e-06,6.293174022386061,treino
2403756,Fernando Pedroza,RN,Municipal,17,58.82352941176472,72.97104806276992,9.197070322954506e-06,6.293183219456384,validacao
4206702,Herval d'Oeste,SC,Municipal,206,59.82493678272709,62.56972724809948,9.14823548208091e-06,6.293192367691866,teste
4310652,Itati,RS,Estadual,12,58.333333333333336,64.37764142416592,8.913543771087031e-06,6.293201281235637,treino
3507209,Borá,SP,Municipal,12,58.333333333333336,53.4129806509547,8.913543771087031e-06,6.293210194779409,treino
2508109,Lagoa,PB,Municipal,30,59.38053097345133,66.58253880760266,8.349335415363894e-06,6.293218544114824,treino
2608453,Lagoa do Carro,PE,Municipal,139,59.7903088693681,74.113590715676,7.341346369760932e-06,6.293225885461194,validacao
2101905,Bequimão,MA,Municipal,77,59.7538906985161,71.94025783456985,5.7421238623207595e-06,6.293231627585056,teste
2806008,Ribeirópolis,SE,Estadual,17,59.495478343645885,85.71413990792051,4.029585559067378e-06,6.293235657170616,treino
4212254,Passo de Torres,SC,Municipal,159,59.86499849520616,60.05141077907299,3.859848927680799e-06,6.293239517019543,treino
5007802,Selvíria,MS,Municipal,97,59.82644206227667,79.21510888661724,3.416068237802113e-06,6.2932429330877815,teste
4200101,Abelardo Luz,SC,Municipal,226,59.87469147522308,54.68129046882719,3.160040916718295e-06,6.293246093128698,treino
4319604,São Sepé,RS,Estadual,32,59.72972983491599,84.90253659701227,2.9869835351179477e-06,6.293249080112234,treino
2600203,Afrânio,PE,Municipal,172,59.8666436741967,66.35936553630593,2.7513454523195452e-06,6.2932518314576855,treino
4311791,Maratá,RS,Municipal,25,59.76331354119253,69.47188152075108,1.6849669912969922e-06,6.293253516424677,treino
1302306,Jutaí,AM,Estadual,74,59.86115852964606,75.91138585355111,1.6181874941871223e-06,6.2932551346121715,validacao
